Medicine_ID,Medicine_Name,Category,Manufacturer,Pack_Size,Composition,Unit_Price_INR,Criticality,Seasonal_Demand,Source_Portal,Source_URL,Current_Stock,Daily_Sales,Supplier_Lead_Time,Reorder_Level,Expiry_Date,Minimum_Order_Quantity,Storage_Condition,Stock_Status
MED0001,Amoxyclav 625 Tablet,Antibiotics,Abbott,strip of 10 tablets,Amoxycillin  (500mg) +  Clavulanic Acid (125mg),195.4,Vital,High_Monsoon,Tata 1mg Public Catalogue,https://www.1mg.com/drugs/amoxyclav-625-tablet-491614,176,19.5,4,94,2027-10-15,10,Room Temperature,0
MED0002,Amoxyclav 375 Tablet,Antibiotics,Abbott,strip of 10 tablets,Amoxycillin  (250mg) +  Clavulanic Acid (125mg),264.13,Essential,High_Monsoon,Tata 1mg Public Catalogue,https://www.1mg.com/drugs/amoxyclav-375-tablet-349279,15,14.7,3,78,2027-05-18,50,Room Temperature,1
MED0003,Azithral 500 Tablet,Antibiotics,Alembic Pharmaceuticals Ltd,strip of 5 tablets,Azithromycin (500mg),126.73,Essential,High_Monsoon,Tata 1mg Public Catalogue,https://www.1mg.com/drugs/azithral-500-tablet-325616,498,29.2,3,129,2029-03-08,20,Room Temperature,0
MED0004,Azithral 200 Liquid,Antibiotics,Alembic Pharmaceuticals Ltd,bottle of 15 ml Oral Suspension,Azithromycin (200mg/5ml),54.97,Essential,High_Monsoon,Tata 1mg Public Catalogue,https://www.1mg.com/drugs/azithral-200-liquid-134462,276,30.1,5,269,2027-04-18,20,Room Temperature,0
MED0005,Azithral 100 Liquid,Antibiotics,Alembic Pharmaceuticals Ltd,bottle of 15 ml Oral Suspension,Azithromycin (20mg/ml),62.55,Essential,High_Monsoon,Tata 1mg Public Catalogue,https://www.1mg.com/drugs/azithral-100-liquid-134412,62,6.0,5,38,2027-11-14,30,Room Temperature,0
MED0006,Azithral XL 200 Liquid,Antibiotics,Alembic Pharmaceuticals Ltd,bottle of 30 ml Oral Suspension,Azithromycin (200mg/5ml),109.93,Essential,High_Monsoon,Tata 1mg Public Catalogue,https://www.1mg.com/drugs/azithral-xl-200-liquid-72666,204,25.4,4,165,2028-09-09,20,Room Temperature,0
MED0007,Ciprobid 500 Tablet,Antibiotics,Zydus Cadila,strip of 10 tablets,Ciprofloxacin (500mg),45.36,Essential,High_Monsoon,Tata 1mg Public Catalogue,https://www.1mg.com/drugs/ciprobid-500-tablet-180018,224,17.3,4,86,2027-07-17,10,Room Temperature,0
MED0008,Ciprodac 500 Tablet,Antibiotics,Cadila Pharmaceuticals Ltd,strip of 10 tablets,Ciprofloxacin (500mg),45.3,Essential,High_Monsoon,Tata 1mg Public Catalogue,https://www.1mg.com/drugs/ciprodac-500-tablet-56644,122,23.0,5,149,2027-08-16,20,Room Temperature,0
MED0009,Ciprolar-FC Cream,Antibiotics,Lark Laboratories Ltd,tube of 20 gm Cream,Fluocinolone acetonide (0.025% w/w) + Ciprofloxacin (0.5% w/w) + Clotrimazole (1% w/w),31.7,Desirable,High_Monsoon,Tata 1mg Public Catalogue,https://www.1mg.com/drugs/ciprolar-fc-cream-270023,242,15.4,5,85,2027-07-17,10,Room Temperature,0
MED0010,cEFix 200 Tablet,Antibiotics,Cipla Ltd,strip of 10 tablets,Cefixime (200mg),105.1,Essential,High_Monsoon,Tata 1mg Public Catalogue,https://www.1mg.com/drugs/cefix-200-tablet-148152,99,13.8,7,168,2027-11-14,50,Room Temperature,1
MED0011,Cefix-O  Tablet,Antibiotics,Cipla Ltd,strip of 10 tablets,Cefixime (200mg) + Ofloxacin (200mg),301.96,Essential,High_Monsoon,Tata 1mg Public Catalogue,https://www.1mg.com/drugs/cefix-o-tablet-294038,627,26.1,8,299,2028-01-13,10,Room Temperature,0
MED0012,Cefi X L 200mg Tablet,Antibiotics,Swiss Pharma Pvt Ltd,strip of 10 tablets,Cefixime (200mg) + Cloxacillin (500mg),191.51,Essential,High_Monsoon,Tata 1mg Public Catalogue,https://www.1mg.com/drugs/cefi-x-l-200mg-tablet-226789,59,10.3,6,86,2027-12-14,10,Room Temperature,1
MED0013,cEFix 100 Tablet,Antibiotics,Cipla Ltd,strip of 10 tablets,Cefixime (100mg),130.38,Essential,High_Monsoon,Tata 1mg Public Catalogue,https://www.1mg.com/drugs/cefix-100-tablet-111528,81,45.2,4,275,2029-04-07,20,Room Temperature,1
MED0014,Cefi XL + Tablet IR,Antibiotics,Abbott,strip of 10 tablet mr,Cefixime (200mg) + Dicloxacillin (500mg) + Lactobacillus (2.5Billion Spores),254.89,Essential,High_Monsoon,Tata 1mg Public Catalogue,https://www.1mg.com/drugs/cefi-xl-tablet-ir-845117,6,9.7,4,68,2028-12-08,50,Room Temperature,1
MED0015,Augmentin 625 Duo Tablet,Antibiotics,Glaxo SmithKline Pharmaceuticals Ltd,strip of 10 tablets,Amoxycillin  (500mg) +  Clavulanic Acid (125mg),196.65,Vital,High_Monsoon,Tata 1mg Public Catalogue,https://www.1mg.com/drugs/augmentin-625-duo-tablet-138629,3,12.9,3,46,2029-05-07,20,Room Temperature,1
MED0016,Augmentin Duo Oral Suspension,Antibiotics,Glaxo SmithKline Pharmaceuticals Ltd,bottle of 30 ml Oral Suspension,Amoxycillin  (200mg) +  Clavulanic Acid (28.5mg),64.42,Desirable,High_Monsoon,Tata 1mg Public Catalogue,https://www.1mg.com/drugs/augmentin-duo-oral-suspension-324979,162,8.1,8,110,2027-07-17,10,Room Temperature,0
MED0017,Augmentin DDS Suspension,Antibiotics,Glaxo SmithKline Pharmaceuticals Ltd,bottle of 30 ml Oral Suspension,Amoxycillin  (400mg/5ml) +  Clavulanic Acid (57mg/5ml),215.6,Desirable,High_Monsoon,Tata 1mg Public Catalogue,https://www.1mg.com/drugs/augmentin-dds-suspension-63460,6,13.4,5,98,2028-04-12,30,Room Temperature,1
MED0018,Augmentin 1000 Duo Tablet,Antibiotics,Glaxo SmithKline Pharmaceuticals Ltd,strip of 10 tablets,Amoxycillin  (875mg) +  Clavulanic Acid (125mg),681.98,Essential,High_Monsoon,Tata 1mg Public Catalogue,https://www.1mg.com/drugs/augmentin-1000-duo-tablet-163191,16,10.8,7,121,2028-11-08,10,Room Temperature,1
MED0019,Augmentin 1.2gm Injection,Antibiotics,Glaxo SmithKline Pharmaceuticals Ltd,vial of 1 Powder for Injection,Amoxycillin  (1000mg) +  Clavulanic Acid (200mg),151.21,Essential,High_Monsoon,Tata 1mg Public Catalogue,https://www.1mg.com/drugs/augmentin-1.2gm-injection-324901,319,11.5,10,146,2027-11-14,10,Room Temperature,0
MED0020,Doxy-1 L-Dr Forte Capsule,Antibiotics,USV Private Limited,strip of 10 capsules,Doxycycline (100mg) + Lactobacillus (5Billion Spores),113.2,Essential,High_Monsoon,Tata 1mg Public Catalogue,https://www.1mg.com/drugs/doxy-1-l-dr-forte-capsule-190127,218,15.7,5,130,2027-01-18,20,Room Temperature,0
MED0021,Doxy A 100mg Capsule,Antibiotics,Acichem Laboratories,strip of 10 capsules,Doxycycline (100mg),14.06,Essential,High_Monsoon,Tata 1mg Public Catalogue,https://www.1mg.com/drugs/doxy-a-100mg-capsule-455265,16,12.8,7,152,2027-03-19,20,Room Temperature,1
MED0022,Doxy Tablet,Antibiotics,A N Pharmacia,strip of 10 tablets,Doxycycline (NA),65.16,Essential,High_Monsoon,Tata 1mg Public Catalogue,https://www.1mg.com/drugs/doxy-tablet-150807,557,18.6,6,136,2027-06-17,30,Room Temperature,0
MED0023,Doxypal DR-L Capsule,Antibiotics,Jagsonpal Pharmaceuticals Ltd,strip of 10 capsules,Doxycycline (100mg) + Lactobacillus (5Billion Spores),121.82,Essential,High_Monsoon,Tata 1mg Public Catalogue,https://www.1mg.com/drugs/doxypal-dr-l-capsule-6006,192,10.6,7,93,2028-03-13,10,Room Temperature,0
MED0024,Doxybond-LB Capsule,Antibiotics,Brinton Pharmaceuticals Pvt Ltd,strip of 10 capsules,Doxycycline (100mg) + Lactobacillus (5Billion Spores),133.13,Essential,High_Monsoon,Tata 1mg Public Catalogue,https://www.1mg.com/drugs/doxybond-lb-capsule-335559,284,21.1,12,377,2028-10-09,50,Room Temperature,0
MED0025,MEtrogyl ER Tablet,Antibiotics,J B Chemicals and Pharmaceuticals Ltd,strip of 10 tablet er,Metronidazole (600mg),77.48,Essential,High_Monsoon,Tata 1mg Public Catalogue,https://www.1mg.com/drugs/metrogyl-er-tablet-347283,300,20.6,4,142,2027-02-17,30,Room Temperature,0
MED0026,Metrogyl DG Forte Gel,Antibiotics,J B Chemicals and Pharmaceuticals Ltd,tube of 20 gm Dental Gel,Chlorhexidine Gluconate (0.5% w/w) + Metronidazole (1.5% w/w),84.72,Desirable,High_Monsoon,Tata 1mg Public Catalogue,https://www.1mg.com/drugs/metrogyl-dg-forte-gel-130080,65,26.5,6,252,2027-08-16,30,Room Temperature,1
MED0027,MEtrogyl Suspension,Antibiotics,J B Chemicals and Pharmaceuticals Ltd,bottle of 60 ml Oral Suspension,Metronidazole (200mg/5ml),33.0,Desirable,High_Monsoon,Tata 1mg Public Catalogue,https://www.1mg.com/drugs/metrogyl-suspension-294146,8,8.4,7,94,2028-03-13,20,Room Temperature,1
MED0028,Metrohex Plus + Gel,Antibiotics,Dr Reddy's Laboratories Ltd,tube of 20 gm Dental Gel,Lidocaine (2% w/w) + Chlorhexidine Gluconate (1% w/w) + Metronidazole (1% w/w),127.87,Desirable,High_Monsoon,Tata 1mg Public Catalogue,https://www.1mg.com/drugs/metrohex-plus-gel-654646,478,15.5,5,138,2028-09-09,20,Room Temperature,0
MED0029,LEVoflox 500 Tablet,Antibiotics,Cipla Ltd,strip of 10 tablets,Levofloxacin (500mg),96.68,Essential,High_Monsoon,Tata 1mg Public Catalogue,https://www.1mg.com/drugs/levoflox-500-tablet-165440,295,46.8,4,301,2027-02-17,20,Room Temperature,0
MED0030,Levolin 1mg Syrup Orange,Antibiotics,Cipla Ltd,bottle of 100 ml Syrup,Levosalbutamol (1mg/5ml),33.23,Desirable,High_Monsoon,Tata 1mg Public Catalogue,https://www.1mg.com/drugs/levolin-1mg-syrup-orange-14976,1084,16.3,12,340,2027-08-16,20,Room Temperature,0
MED0031,Levocet M Tablet,Antibiotics,Hetero Drugs Ltd,strip of 10 tablets,Levocetirizine (5mg) + Montelukast (10mg),112.0,Essential,High_Monsoon,Tata 1mg Public Catalogue,https://www.1mg.com/drugs/levocet-m-tablet-122690,329,12.7,8,134,2028-12-08,10,Room Temperature,0
MED0032,Levocet Tablet,Antibiotics,Hetero Healthcare Limited,strip of 10 tablets,Levocetirizine (5mg),52.9,Essential,High_Monsoon,Tata 1mg Public Catalogue,https://www.1mg.com/drugs/levocet-tablet-69789,51,22.0,4,135,2027-01-18,100,Room Temperature,1
MED0033,Claribid 500 Tablet,Antibiotics,Abbott,strip of 10 tablets,Clarithromycin (500mg),428.29,Essential,High_Monsoon,Tata 1mg Public Catalogue,https://www.1mg.com/drugs/claribid-500-tablet-351227,536,23.0,7,239,2029-01-07,20,Room Temperature,0
MED0034,Claribid 250 Tablet,Antibiotics,Abbott,strip of 10 tablets,Clarithromycin (250mg),258.68,Essential,High_Monsoon,Tata 1mg Public Catalogue,https://www.1mg.com/drugs/claribid-250-tablet-359123,133,12.7,3,59,2027-07-17,10,Room Temperature,0
MED0035,Clarigard  500 Tablet,Antibiotics,Macleods Pharmaceuticals Pvt Ltd,strip of 10 tablets,Clarithromycin (500mg),334.14,Essential,High_Monsoon,Tata 1mg Public Catalogue,https://www.1mg.com/drugs/clarigard-500-tablet-324569,79,7.5,5,45,2028-09-09,100,Room Temperature,0
MED0036,Clarigard  250 Tablet,Antibiotics,Macleods Pharmaceuticals Pvt Ltd,strip of 10 tablets,Clarithromycin (250mg),199.07,Essential,High_Monsoon,Tata 1mg Public Catalogue,https://www.1mg.com/drugs/clarigard-250-tablet-324568,342,35.9,5,265,2027-07-17,20,Room Temperature,0
MED0037,Clarinova Dry Syrup,Antibiotics,Mankind Pharma Ltd,bottle of 30 ml Powder for Oral Suspension,Clarithromycin (125mg),147.4,Desirable,High_Monsoon,Tata 1mg Public Catalogue,https://www.1mg.com/drugs/clarinova-dry-syrup-140405,826,26.4,5,210,2028-03-13,10,Room Temperature,0
MED0038,Cephadex 500 Capsule,Antibiotics,Cipla Ltd,strip of 10 capsules,Cefalexin (500mg),197.15,Essential,High_Monsoon,Tata 1mg Public Catalogue,https://www.1mg.com/drugs/cephadex-500-capsule-50480,25,14.6,5,102,2029-01-07,30,Room Temperature,1
MED0039,Cephadex 250 Tablet DT,Antibiotics,Cipla Ltd,strip of 10 tablet dt,Cefalexin (250mg),167.4,Essential,High_Monsoon,Tata 1mg Public Catalogue,https://www.1mg.com/drugs/cephadex-250-tablet-dt-264732,5,19.6,4,95,2029-05-07,20,Room Temperature,1
MED0040,Cephalkem 500mg Capsule,Antibiotics,Alkem Laboratories Ltd,strip of 10 capsules,Cefalexin (500mg),186.55,Essential,High_Monsoon,Tata 1mg Public Catalogue,https://www.1mg.com/drugs/cephalkem-500mg-capsule-267224,329,22.9,6,201,2027-04-18,30,Room Temperature,0
MED0041,Cephaxin 500mg Capsule,Antibiotics,Biochem Pharmaceutical Industries,strip of 10 capsules,Cefalexin (500mg),152.53,Essential,High_Monsoon,Tata 1mg Public Catalogue,https://www.1mg.com/drugs/cephaxin-500mg-capsule-260466,332,9.0,5,52,2029-05-07,10,Room Temperature,0
MED0042,Cephadex 250 Capsule,Antibiotics,Cipla Ltd,strip of 10 capsules,Cefalexin (250mg),89.21,Essential,High_Monsoon,Tata 1mg Public Catalogue,https://www.1mg.com/drugs/cephadex-250-capsule-266389,286,17.4,7,203,2029-05-07,20,Room Temperature,0
MED0043,Oflox OZ Tablet,Antibiotics,Cipla Ltd,strip of 10 tablets,Ofloxacin (200mg) + Ornidazole (500mg),206.39,Essential,High_Monsoon,Tata 1mg Public Catalogue,https://www.1mg.com/drugs/oflox-oz-tablet-65786,23,15.7,7,168,2027-01-18,50,Room Temperature,1
MED0044,OFLox 200 Tablet,Antibiotics,Cipla Ltd,strip of 10 tablets,Ofloxacin (200mg),110.5,Essential,High_Monsoon,Tata 1mg Public Catalogue,https://www.1mg.com/drugs/oflox-200-tablet-158252,425,21.8,6,179,2026-12-19,30,Room Temperature,0
MED0045,OFLox Eye/Ear Drop,Antibiotics,Cipla Ltd,bottle of 5 ml Ophthalmic Solution,Ofloxacin (0.3% w/v),50.63,Desirable,High_Monsoon,Tata 1mg Public Catalogue,https://www.1mg.com/drugs/oflox-eye-ear-drop-121852,17,19.1,4,88,2027-01-18,10,Room Temperature,1
MED0046,OFLox 100 Rediuse Oral Suspension,Antibiotics,Cipla Ltd,bottle of 60 ml Oral Suspension,Ofloxacin (100mg/5ml),185.39,Desirable,High_Monsoon,Tata 1mg Public Catalogue,https://www.1mg.com/drugs/oflox-100-rediuse-oral-suspension-337969,216,14.9,7,143,2029-05-07,30,Room Temperature,0
MED0047,Clindamycin Phosphate Gel,Antibiotics,Nanz Med Science Pharma Ltd,tube of 20 gm Gel,Clindamycin (1% w/w),90.0,Desirable,High_Monsoon,Tata 1mg Public Catalogue,https://www.1mg.com/drugs/clindamycin-phosphate-gel-707300,25,9.6,3,40,2027-03-19,100,Room Temperature,1
MED0048,Clindac A 1% Gel,Antibiotics,Alkem Laboratories Ltd,tube of 20 gm Gel,Clindamycin (1% w/w),252.0,Desirable,High_Monsoon,Tata 1mg Public Catalogue,https://www.1mg.com/drugs/clindac-a-1-gel-511899,1254,27.6,14,537,2027-06-17,20,Room Temperature,0
MED0049,Clindac AP Gel,Antibiotics,Alkem Laboratories Ltd,tube of 15 gm Gel,Adapalene (0.1% w/w) + Clindamycin (1% w/w),396.95,Desirable,High_Monsoon,Tata 1mg Public Catalogue,https://www.1mg.com/drugs/clindac-ap-gel-652191,250,21.9,5,149,2028-07-11,20,Room Temperature,0
MED0050,Clindakem A Gel,Antibiotics,Alkem Laboratories Ltd,tube of 20 gm Gel,Adapalene (NA) + Clindamycin (NA),186.5,Desirable,High_Monsoon,Tata 1mg Public Catalogue,https://www.1mg.com/drugs/clindakem-a-gel-194674,226,9.3,3,48,2027-06-17,10,Room Temperature,0
MED0051,Dolo 650 Tablet,Analgesics & Antipyretics,Micro Labs Ltd,strip of 15 tablets,Paracetamol (650mg),32.28,Essential,Stable_All_Season,Tata 1mg Public Catalogue,https://www.1mg.com/drugs/dolo-650-tablet-74467,210,10.5,6,94,2028-08-10,10,Room Temperature,0
MED0052,Dolonex DT 20mg Tablet,Analgesics & Antipyretics,Pfizer Ltd,strip of 15 tablet dt,Piroxicam (20mg),268.79,Essential,Stable_All_Season,Tata 1mg Public Catalogue,https://www.1mg.com/drugs/dolonex-dt-20mg-tablet-344363,1026,15.6,12,336,2027-02-17,10,Room Temperature,0
MED0053,Dolokind Plus Tablet,Analgesics & Antipyretics,Mankind Pharma Ltd,strip of 15 tablets,Aceclofenac (100mg) + Paracetamol (325mg),85.35,Essential,Stable_All_Season,Tata 1mg Public Catalogue,https://www.1mg.com/drugs/dolokind-plus-tablet-509373,137,16.3,5,102,2029-02-06,20,Room Temperature,0
MED0054,Dologel,Analgesics & Antipyretics,Dr Reddy's Laboratories Ltd,bottle of 15 gm Dental Gel,Choline Salicylate (8.7% w/w) + Lidocaine (2% w/w),135.6,Desirable,Stable_All_Season,Tata 1mg Public Catalogue,https://www.1mg.com/drugs/dologel-115022,762,16.3,6,167,2028-04-12,50,Room Temperature,0
MED0055,Dologel-CT Gel,Analgesics & Antipyretics,Dr Reddy's Laboratories Ltd,tube of 10 gm Dental Gel,Choline Salicylate (8.7% w/w) + Lidocaine (2% w/w),116.71,Desirable,Stable_All_Season,Tata 1mg Public Catalogue,https://www.1mg.com/drugs/dologel-ct-gel-125418,24,27.6,5,220,2028-06-11,10,Room Temperature,1
MED0056,Crocin Advance 500mg Tablet,Analgesics & Antipyretics,GlaxoSmithKline India Pvt. Ltd.,strip of 20 tablets,Paracetamol (500mg),19.31,Essential,Stable_All_Season,Tata 1mg Public Catalogue,https://www.1mg.com/drugs/crocin-advance-500mg-tablet-600468,185,10.0,6,68,2029-04-07,10,Room Temperature,0
MED0057,Crocin Pain Relief Tablet,Analgesics & Antipyretics,GlaxoSmithKline India Pvt. Ltd.,strip of 15 tablets,Caffeine (50mg) + Paracetamol (650mg),82.01,Essential,Stable_All_Season,Tata 1mg Public Catalogue,https://www.1mg.com/drugs/crocin-pain-relief-tablet-323789,354,19.5,5,167,2027-05-18,10,Room Temperature,0
MED0058,Crocin 650mg Tablet,Analgesics & Antipyretics,GlaxoSmithKline India Pvt. Ltd.,strip of 15 tablets,Paracetamol (650mg),32.28,Essential,Stable_All_Season,Tata 1mg Public Catalogue,https://www.1mg.com/drugs/crocin-650mg-tablet-90532,108,16.3,8,192,2027-04-18,100,Room Temperature,1
MED0059,Crocin 1000mg Tablet,Analgesics & Antipyretics,GlaxoSmithKline India Pvt. Ltd.,strip of 10 tablets,Paracetamol (1000mg),38.44,Essential,Stable_All_Season,Tata 1mg Public Catalogue,https://www.1mg.com/drugs/crocin-1000mg-tablet-445888,105,11.3,7,108,2027-10-15,30,Room Temperature,0
MED0060,Ibupar 400 mg/325 mg Tablet,Analgesics & Antipyretics,Troikaa Pharmaceuticals Ltd.,strip of 10 tablets,Ibuprofen (400mg) + Paracetamol (325mg),5.16,Essential,Stable_All_Season,Tata 1mg Public Catalogue,https://www.1mg.com/drugs/ibupar-400-mg-325-mg-tablet-299868,122,10.0,6,78,2029-01-07,10,Room Temperature,0
MED0061,Ibuprom Syrup,Analgesics & Antipyretics,Mcastro Pharma,bottle of 60 ml Syrup,Paracetamol (125mg/5ml) + Promethazine (5mg/5ml) + Ibuprofen (100mg/5ml),36.09,Desirable,Stable_All_Season,Tata 1mg Public Catalogue,https://www.1mg.com/drugs/ibuprom-syrup-237148,48,18.3,8,231,2028-01-13,10,Room Temperature,1
MED0062,Diclomol Tablet,Analgesics & Antipyretics,Win-Medicare Pvt Ltd,strip of 10 tablets,Diclofenac (50mg) + Paracetamol (325mg),115.78,Essential,Stable_All_Season,Tata 1mg Public Catalogue,https://www.1mg.com/drugs/diclomol-tablet-64104,918,34.3,6,359,2029-05-07,10,Room Temperature,0
MED0063,DiCLOWiN Plus Tablet,Analgesics & Antipyretics,Wings Pharmaceuticals Pvt Ltd,strip of 10 tablets,Diclofenac (50mg) + Paracetamol (325mg),27.19,Essential,Stable_All_Season,Tata 1mg Public Catalogue,https://www.1mg.com/drugs/diclowin-plus-tablet-117305,241,14.9,5,121,2029-02-06,20,Room Temperature,0
MED0064,diclogeM Tablet,Analgesics & Antipyretics,Omega Pharmaceuticals Pvt Ltd,strip of 10 tablets,Diclofenac (50mg) + Paracetamol (325mg),28.4,Essential,Stable_All_Season,Tata 1mg Public Catalogue,https://www.1mg.com/drugs/diclogem-tablet-324846,429,29.9,4,133,2029-03-08,10,Room Temperature,0
MED0065,Diclofenac Sodium  Injection,Analgesics & Antipyretics,Harson Laboratories,vial of 3 ml Injection,Diclofenac (NA),9.28,Essential,Stable_All_Season,Tata 1mg Public Catalogue,https://www.1mg.com/drugs/diclofenac-sodium-injection-281625,754,16.9,7,161,2027-08-16,10,Cold Chain (2-8C),0
MED0066,Dicloran A Tablet,Analgesics & Antipyretics,J B Chemicals and Pharmaceuticals Ltd,strip of 10 tablets,Diclofenac (50mg) + Paracetamol (325mg),83.92,Essential,Stable_All_Season,Tata 1mg Public Catalogue,https://www.1mg.com/drugs/dicloran-a-tablet-125399,328,22.3,6,181,2029-01-07,10,Room Temperature,0
MED0067,Tramadol Hydrochloride 50mg Injection,Analgesics & Antipyretics,Ciron Drugs & Pharmaceuticals Pvt Ltd,vial of 1 ml Injection,Tramadol (50mg),8.44,Essential,Stable_All_Season,Tata 1mg Public Catalogue,https://www.1mg.com/drugs/tramadol-hydrochloride-50mg-injection-447545,495,26.1,6,268,2028-03-13,20,Room Temperature,0
MED0068,Tramazac Capsule,Analgesics & Antipyretics,Zydus Cadila,strip of 10 capsules,Tramadol (50mg),51.45,Essential,Stable_All_Season,Tata 1mg Public Catalogue,https://www.1mg.com/drugs/tramazac-capsule-116484,241,16.2,5,97,2027-05-18,10,Room Temperature,0
MED0069,Tramadol 50mg Capsule,Analgesics & Antipyretics,Aequitas Healthcare Pvt Ltd,strip of 10 capsules,Tramadol (50mg),43.03,Essential,Stable_All_Season,Tata 1mg Public Catalogue,https://www.1mg.com/drugs/tramadol-50mg-capsule-515000,405,23.1,6,228,2028-10-09,20,Room Temperature,0
MED0070,Tramazac-P Tablet DT,Analgesics & Antipyretics,Zydus Cadila,strip of 10 tablet dt,Tramadol (37.5mg) + Paracetamol (325mg),149.43,Essential,Stable_All_Season,Tata 1mg Public Catalogue,https://www.1mg.com/drugs/tramazac-p-tablet-dt-130954,715,14.7,8,193,2027-04-18,10,Room Temperature,0
MED0071,Tramadin Plus 37.5mg/325mg Tablet,Analgesics & Antipyretics,Mankind Pharma Ltd,strip of 10 tablets,Tramadol (37.5mg) + Paracetamol (325mg),87.2,Essential,Stable_All_Season,Tata 1mg Public Catalogue,https://www.1mg.com/drugs/tramadin-plus-37.5mg-325mg-tablet-137264,89,18.5,6,158,2027-10-15,20,Room Temperature,1
MED0072,Mefen P DS Oral Suspension,Analgesics & Antipyretics,Pelzar Healthcare,bottle of 60 ml Oral Suspension,Mefenamic Acid (100mg) + Paracetamol (250mg),42.19,Desirable,Stable_All_Season,Tata 1mg Public Catalogue,https://www.1mg.com/drugs/mefen-p-ds-oral-suspension-609150,298,8.2,5,71,2029-04-07,20,Room Temperature,0
MED0073,Mefentod Plus Oral Suspension,Analgesics & Antipyretics,Entod Pharmaceuticals Ltd,bottle of 60 ml Oral Suspension,Mefenamic Acid (100mg) + Paracetamol (250mg),78.75,Desirable,Stable_All_Season,Tata 1mg Public Catalogue,https://www.1mg.com/drugs/mefentod-plus-oral-suspension-622359,23,12.4,3,55,2027-11-14,20,Room Temperature,1
MED0074,Mefenil 80mg/250mg Tablet DT,Analgesics & Antipyretics,Nilrise Pharmaceuticals Pvt Ltd,strip of 10 tablet dt,Drotaverine (80mg) + Mefenamic Acid (250mg),46.88,Essential,Stable_All_Season,Tata 1mg Public Catalogue,https://www.1mg.com/drugs/mefenil-80mg-250mg-tablet-dt-469260,443,24.7,7,195,2028-12-08,30,Room Temperature,0
MED0075,Mefen D 10mg/250mg Tablet,Analgesics & Antipyretics,Frank Medilink,strip of 10 tablets,Dicyclomine (10mg) + Mefenamic Acid (250mg),18.75,Essential,Stable_All_Season,Tata 1mg Public Catalogue,https://www.1mg.com/drugs/mefen-d-10mg-250mg-tablet-456444,79,22.7,4,113,2028-09-09,20,Room Temperature,1
MED0076,Mefen 500mg/2mg Tablet MR,Analgesics & Antipyretics,Oyster Labs Ltd,strip of 10 tablet mr,Mefenamic Acid (500mg) + Tizanidine (2mg),30.0,Essential,Stable_All_Season,Tata 1mg Public Catalogue,https://www.1mg.com/drugs/mefen-500mg-2mg-tablet-mr-457510,287,11.7,7,94,2028-06-11,10,Room Temperature,0
MED0077,Atorva 40 Tablet,Cardiovascular & Antihypertensives,Zydus Cadila,strip of 10 tablets,Atorvastatin (40mg),207.5,Essential,High_Winter,Tata 1mg Public Catalogue,https://www.1mg.com/drugs/atorva-40-tablet-46666,38,8.9,4,58,2027-06-17,10,Room Temperature,0
MED0078,Atorva Tablet,Cardiovascular & Antihypertensives,Zydus Cadila,strip of 15 tablets,Atorvastatin (10mg),80.14,Essential,High_Winter,Tata 1mg Public Catalogue,https://www.1mg.com/drugs/atorva-tablet-506170,78,15.8,4,109,2027-03-19,20,Room Temperature,0
MED0079,Atorva 20 Tablet,Cardiovascular & Antihypertensives,Zydus Cadila,strip of 15 tablets,Atorvastatin (20mg),202.54,Essential,High_Winter,Tata 1mg Public Catalogue,https://www.1mg.com/drugs/atorva-20-tablet-513352,209,30.9,6,280,2027-09-15,20,Room Temperature,0
MED0080,Atorlip-F Tablet,Cardiovascular & Antihypertensives,Cipla Ltd,strip of 15 tablets,Atorvastatin (10mg) + Fenofibrate (145mg),503.38,Essential,High_Winter,Tata 1mg Public Catalogue,https://www.1mg.com/drugs/atorlip-f-tablet-330974,238,7.8,6,63,2027-04-18,100,Room Temperature,0
MED0081,Atorva 80 Tablet,Cardiovascular & Antihypertensives,Zydus Cadila,strip of 10 tablets,Atorvastatin (80mg),436.3,Essential,High_Winter,Tata 1mg Public Catalogue,https://www.1mg.com/drugs/atorva-80-tablet-46673,63,8.5,4,44,2028-10-09,10,Room Temperature,0
MED0082,Metosartan 50 Tablet ER,Cardiovascular & Antihypertensives,Sun Pharmaceutical Industries Ltd,strip of 10 tablet er,Telmisartan (40mg) + Metoprolol Succinate (50mg),220.0,Essential,High_Winter,Tata 1mg Public Catalogue,https://www.1mg.com/drugs/metosartan-50-tablet-er-154227,827,7.8,14,189,2027-10-15,20,Room Temperature,0
MED0083,Metosartan 25 Tablet ER,Cardiovascular & Antihypertensives,Sun Pharmaceutical Industries Ltd,strip of 10 tablet er,Telmisartan (40mg) + Metoprolol Succinate (25mg),190.0,Essential,High_Winter,Tata 1mg Public Catalogue,https://www.1mg.com/drugs/metosartan-25-tablet-er-65378,295,22.9,7,236,2027-12-14,20,Room Temperature,0
MED0084,MetoLAR XR 25 Capsule,Cardiovascular & Antihypertensives,Cipla Ltd,strip of 15 capsule er,Metoprolol Succinate (23.75mg),85.16,Essential,High_Winter,Tata 1mg Public Catalogue,https://www.1mg.com/drugs/metolar-xr-25-capsule-297319,111,10.1,6,77,2029-01-07,10,Room Temperature,0
MED0085,MetoLAR XR 50 Capsule,Cardiovascular & Antihypertensives,Cipla Ltd,strip of 15 capsule er,Metoprolol Succinate (47.5mg),121.96,Essential,High_Winter,Tata 1mg Public Catalogue,https://www.1mg.com/drugs/metolar-xr-50-capsule-18479,277,9.6,5,68,2027-09-15,20,Room Temperature,0
MED0086,MetoLAR 25 Tablet,Cardiovascular & Antihypertensives,Cipla Ltd,strip of 15 tablets,Metoprolol Tartrate (25mg),43.65,Essential,High_Winter,Tata 1mg Public Catalogue,https://www.1mg.com/drugs/metolar-25-tablet-300382,140,13.1,4,58,2028-02-12,10,Room Temperature,0
MED0087,Losar 50 Tablet,Cardiovascular & Antihypertensives,Torrent Pharmaceuticals Ltd,strip of 15 tablets,Losartan (50mg),178.31,Essential,High_Winter,Tata 1mg Public Catalogue,https://www.1mg.com/drugs/losar-50-tablet-74731,33,12.9,10,231,2027-02-17,10,Room Temperature,1
MED0088,Losar-H Tablet,Cardiovascular & Antihypertensives,Torrent Pharmaceuticals Ltd,strip of 15 tablets,Losartan (50mg) + Hydrochlorothiazide (12.5mg),311.86,Essential,High_Winter,Tata 1mg Public Catalogue,https://www.1mg.com/drugs/losar-h-tablet-65185,362,14.1,8,135,2028-01-13,30,Room Temperature,0
MED0089,Losar 25 Tablet,Cardiovascular & Antihypertensives,Torrent Pharmaceuticals Ltd,strip of 15 tablets,Losartan (25mg),103.73,Essential,High_Winter,Tata 1mg Public Catalogue,https://www.1mg.com/drugs/losar-25-tablet-74800,219,13.5,5,116,2027-07-17,20,Room Temperature,0
MED0090,Losar-A Tablet,Cardiovascular & Antihypertensives,Torrent Pharmaceuticals Ltd,strip of 15 tablets,Losartan (50mg) + Amlodipine (5mg),341.67,Essential,High_Winter,Tata 1mg Public Catalogue,https://www.1mg.com/drugs/losar-a-tablet-329369,578,16.7,6,141,2028-04-12,20,Room Temperature,0
MED0091,Losakind-H Tablet,Cardiovascular & Antihypertensives,Mankind Pharma Ltd,strip of 10 tablets,Losartan (50mg) + Hydrochlorothiazide (12.5mg),105.47,Essential,High_Winter,Tata 1mg Public Catalogue,https://www.1mg.com/drugs/losakind-h-tablet-115466,76,3.7,7,41,2028-02-12,10,Room Temperature,0
MED0092,Rosuvas 10 Tablet,Cardiovascular & Antihypertensives,Sun Pharmaceutical Industries Ltd,strip of 15 tablets,Rosuvastatin (10mg),375.0,Essential,High_Winter,Tata 1mg Public Catalogue,https://www.1mg.com/drugs/rosuvas-10-tablet-113791,414,19.8,14,451,2029-02-06,30,Room Temperature,0
MED0093,Rosuvas F 10 Tablet,Cardiovascular & Antihypertensives,Sun Pharmaceutical Industries Ltd,strip of 15 tablets,Fenofibrate (160mg) + Rosuvastatin (10mg),460.0,Essential,High_Winter,Tata 1mg Public Catalogue,https://www.1mg.com/drugs/rosuvas-f-10-tablet-70088,269,13.1,8,123,2028-11-08,50,Room Temperature,0
MED0094,Rosuvas 20 Tablet,Cardiovascular & Antihypertensives,Sun Pharmaceutical Industries Ltd,strip of 10 tablets,Rosuvastatin (20mg),480.0,Essential,High_Winter,Tata 1mg Public Catalogue,https://www.1mg.com/drugs/rosuvas-20-tablet-31109,170,12.2,5,98,2028-06-11,30,Room Temperature,0
MED0095,Rosuva Gold 20 Capsule,Cardiovascular & Antihypertensives,Pure and Cure Healthcare Private Limited,strip of 10 capsules,Aspirin (75mg) + Rosuvastatin (20mg) + Clopidogrel (75mg),346.88,Essential,High_Winter,Tata 1mg Public Catalogue,https://www.1mg.com/drugs/rosuva-gold-20-capsule-330922,446,17.8,5,112,2029-01-07,20,Room Temperature,0
MED0096,Rosuvas CV 10 Tablet,Cardiovascular & Antihypertensives,Sun Pharmaceutical Industries Ltd,strip of 10 tablets,Rosuvastatin (10mg) + Clopidogrel (75mg),205.31,Essential,High_Winter,Tata 1mg Public Catalogue,https://www.1mg.com/drugs/rosuvas-cv-10-tablet-206733,330,12.4,4,63,2027-10-15,30,Room Temperature,0
MED0097,Clopitab Tablet,Cardiovascular & Antihypertensives,Lupin Ltd,strip of 15 tablets,Clopidogrel (75mg),107.2,Essential,High_Winter,Tata 1mg Public Catalogue,https://www.1mg.com/drugs/clopitab-tablet-75287,477,18.0,4,83,2027-08-16,10,Room Temperature,0
MED0098,Clopitab-A 75 Capsule,Cardiovascular & Antihypertensives,Lupin Ltd,strip of 15 capsules,Aspirin (75mg) + Clopidogrel (75mg),137.5,Essential,High_Winter,Tata 1mg Public Catalogue,https://www.1mg.com/drugs/clopitab-a-75-capsule-75289,402,14.3,4,70,2026-12-19,50,Room Temperature,0
MED0099,Clopitab-CV 10 Capsule,Cardiovascular & Antihypertensives,Lupin Ltd,strip of 15 capsules,Atorvastatin (10mg) + Clopidogrel (75mg),302.25,Essential,High_Winter,Tata 1mg Public Catalogue,https://www.1mg.com/drugs/clopitab-cv-10-capsule-460916,78,5.0,5,41,2027-02-17,30,Room Temperature,0
MED0100,Clopilet Tablet,Cardiovascular & Antihypertensives,Sun Pharmaceutical Industries Ltd,strip of 15 tablets,Clopidogrel (75mg),107.4,Essential,High_Winter,Tata 1mg Public Catalogue,https://www.1mg.com/drugs/clopilet-tablet-328244,38,19.6,6,169,2027-10-15,50,Room Temperature,1
MED0101,Enalros 5mg Tablet,Cardiovascular & Antihypertensives,Roussel Laboratories Pvt Ltd,strip of 10 tablets,Enalapril (5mg),30.55,Essential,High_Winter,Tata 1mg Public Catalogue,https://www.1mg.com/drugs/enalros-5mg-tablet-564353,77,13.0,3,51,2027-10-15,30,Room Temperature,0
MED0102,Enal 5mg Tablet,Cardiovascular & Antihypertensives,East West Pharma,strip of 10 tablets,Enalapril (5mg),31.6,Essential,High_Winter,Tata 1mg Public Catalogue,https://www.1mg.com/drugs/enal-5mg-tablet-336482,120,5.1,12,74,2029-03-08,20,Room Temperature,0
MED0103,Enalapril 5mg Tablet,Cardiovascular & Antihypertensives,Globela Pharma Pvt Ltd,strip of 10 tablets,Enalapril (5mg),27.19,Essential,High_Winter,Tata 1mg Public Catalogue,https://www.1mg.com/drugs/enalapril-5mg-tablet-761643,103,7.6,5,66,2029-04-07,10,Room Temperature,0
MED0104,Enalatab 2.5mg Tablet,Cardiovascular & Antihypertensives,Prevego Healthcare & Research Private Limited,strip of 10 tablets,Enalapril (2.5mg),20.18,Essential,High_Winter,Tata 1mg Public Catalogue,https://www.1mg.com/drugs/enalatab-2.5mg-tablet-819756,119,11.3,4,74,2027-01-18,20,Room Temperature,0
MED0105,Ramitorva   Capsule,Cardiovascular & Antihypertensives,Zydus Cadila,strip of 10 capsules,Atorvastatin (10mg) + Aspirin (75mg) + Ramipril (5mg),58.42,Essential,High_Winter,Tata 1mg Public Catalogue,https://www.1mg.com/drugs/ramitorva-capsule-149455,102,8.9,4,58,2028-06-11,20,Room Temperature,0
MED0106,RAMIstar 2.5 Tablet,Cardiovascular & Antihypertensives,Lupin Ltd,strip of 15 tablets,Ramipril (2.5mg),83.9,Essential,High_Winter,Tata 1mg Public Catalogue,https://www.1mg.com/drugs/ramistar-2.5-tablet-410123,103,11.7,5,87,2028-10-09,20,Room Temperature,0
MED0107,RAMIstar 5 Tablet,Cardiovascular & Antihypertensives,Lupin Ltd,strip of 15 tablets,Ramipril (5mg),131.8,Essential,High_Winter,Tata 1mg Public Catalogue,https://www.1mg.com/drugs/ramistar-5-tablet-411203,412,16.2,7,189,2028-11-08,100,Room Temperature,0
MED0108,Ramipiril 5mg Tablet,Cardiovascular & Antihypertensives,Biochem Pharmaceutical Industries,strip of 10 tablets,Ramipril (5mg),70.22,Essential,High_Winter,Tata 1mg Public Catalogue,https://www.1mg.com/drugs/ramipiril-5mg-tablet-249373,191,11.4,5,74,2027-06-17,50,Room Temperature,0
MED0109,Bisoheart 2.5 Tablet,Cardiovascular & Antihypertensives,Mankind Pharma Ltd,strip of 10 tablets,Bisoprolol (2.5mg),74.96,Essential,High_Winter,Tata 1mg Public Catalogue,https://www.1mg.com/drugs/bisoheart-2.5-tablet-139209,235,19.2,6,154,2027-02-17,50,Room Temperature,0
MED0110,Bisoheart 5mg Tablet,Cardiovascular & Antihypertensives,Mankind Pharma Ltd,strip of 10 tablets,Bisoprolol (5mg),106.06,Essential,High_Winter,Tata 1mg Public Catalogue,https://www.1mg.com/drugs/bisoheart-5mg-tablet-144238,810,16.2,7,154,2027-02-17,50,Room Temperature,0
MED0111,BisoneXT 2.5mg Tablet,Cardiovascular & Antihypertensives,Lupin Ltd,strip of 15 tablets,Bisoprolol (2.5mg),132.15,Essential,High_Winter,Tata 1mg Public Catalogue,https://www.1mg.com/drugs/bisonext-2.5mg-tablet-630617,50,11.3,6,83,2028-04-12,20,Room Temperature,1
MED0112,BisoneXT 5mg Tablet,Cardiovascular & Antihypertensives,Lupin Ltd,strip of 15 tablets,Bisoprolol (5mg),179.0,Essential,High_Winter,Tata 1mg Public Catalogue,https://www.1mg.com/drugs/bisonext-5mg-tablet-630856,32,6.6,5,40,2027-03-19,50,Room Temperature,1
MED0113,Bisobis 2.5mg Tablet,Cardiovascular & Antihypertensives,Corona Remedies Pvt Ltd,strip of 10 tablets,Bisoprolol (2.5mg),54.84,Essential,High_Winter,Tata 1mg Public Catalogue,https://www.1mg.com/drugs/bisobis-2.5mg-tablet-702323,302,17.2,6,172,2027-01-18,20,Room Temperature,0
MED0114,Diltigesic Organogel,Cardiovascular & Antihypertensives,Troikaa Pharmaceuticals Ltd.,tube of 30 gm Rectal Gel,Diltiazem (2% w/w),234.37,Desirable,High_Winter,Tata 1mg Public Catalogue,https://www.1mg.com/drugs/diltigesic-organogel-304557,119,17.6,3,63,2027-05-18,50,Room Temperature,0
MED0115,Diltanol 90mg Tablet SR,Cardiovascular & Antihypertensives,Knoll Pharmaceuticals Ltd,strip of 10 tablet sr,Diltiazem (90mg),116.5,Essential,High_Winter,Tata 1mg Public Catalogue,https://www.1mg.com/drugs/diltanol-90mg-tablet-sr-564383,28,6.5,5,44,2027-01-18,20,Room Temperature,1
MED0116,Diltra 50mg/300mg/300mg Tablet,Cardiovascular & Antihypertensives,Aurobindo Pharma Ltd,bottle of 30 tablets,Dolutegravir (50mg) + Lamivudine (300mg) + Tenofovir disoproxil fumarate (300mg),3592.5,Essential,High_Winter,Tata 1mg Public Catalogue,https://www.1mg.com/drugs/diltra-50mg-300mg-300mg-tablet-819436,276,13.3,6,101,2027-07-17,20,Room Temperature,0
MED0117,nEBIcard 5 Tablet,Cardiovascular & Antihypertensives,Torrent Pharmaceuticals Ltd,strip of 10 tablets,Nebivolol (5mg),195.0,Vital,High_Winter,Tata 1mg Public Catalogue,https://www.1mg.com/drugs/nebicard-5-tablet-20141,10,13.5,8,129,2029-01-07,20,Room Temperature,1
MED0118,nEBIcard 2.5 Tablet,Cardiovascular & Antihypertensives,Torrent Pharmaceuticals Ltd,strip of 15 tablets,Nebivolol (2.5mg),182.0,Vital,High_Winter,Tata 1mg Public Catalogue,https://www.1mg.com/drugs/nebicard-2.5-tablet-335042,67,11.2,2,32,2027-01-18,20,Room Temperature,0
MED0119,Nebistar 5 Tablet,Cardiovascular & Antihypertensives,Lupin Ltd,strip of 15 tablets,Nebivolol (5mg),305.0,Essential,High_Winter,Tata 1mg Public Catalogue,https://www.1mg.com/drugs/nebistar-5-tablet-338302,0,11.4,7,112,2027-02-17,10,Room Temperature,1
MED0120,Nebicard-SM Tablet,Cardiovascular & Antihypertensives,Torrent Pharmaceuticals Ltd,strip of 10 tablets,Nebivolol (5mg) + S-Amlodipine (2.5mg),250.0,Vital,High_Winter,Tata 1mg Public Catalogue,https://www.1mg.com/drugs/nebicard-sm-tablet-65555,120,9.0,2,21,2029-02-06,20,Room Temperature,0
MED0121,Nebistar-SA Tablet,Cardiovascular & Antihypertensives,Lupin Ltd,strip of 15 tablets,Nebivolol (5mg) + S-Amlodipine (2.5mg),427.75,Essential,High_Winter,Tata 1mg Public Catalogue,https://www.1mg.com/drugs/nebistar-sa-tablet-456251,407,11.6,12,227,2028-04-12,30,Room Temperature,0
MED0122,Metffil G1 Tablet,Antidiabetics,Fourrts India Laboratories Pvt Ltd,strip of 10 tablets,Glimepiride (1mg) + Metformin (500mg),47.81,Essential,Stable_All_Season,Tata 1mg Public Catalogue,https://www.1mg.com/drugs/metffil-g1-tablet-227273,270,11.9,4,75,2028-03-13,10,Room Temperature,0
MED0123,Metffil VG 2 Tablet SR,Antidiabetics,Fourrts India Laboratories Pvt Ltd,strip of 15 tablet sr,Glimepiride (2mg) + Metformin (500mg) + Voglibose (0.2mg),192.1,Essential,Stable_All_Season,Tata 1mg Public Catalogue,https://www.1mg.com/drugs/metffil-vg-2-tablet-sr-412073,596,14.7,5,87,2028-06-11,30,Room Temperature,0
MED0124,Metform -SR 500mg Tablet PR,Antidiabetics,Knoll Pharmaceuticals Ltd,strip of 10 Tablet pr,Metformin (500mg),22.31,Essential,Stable_All_Season,Tata 1mg Public Catalogue,https://www.1mg.com/drugs/metform-sr-500mg-tablet-pr-563689,177,14.2,6,125,2028-01-13,30,Room Temperature,0
MED0125,Metford 500 Tablet,Antidiabetics,Johnlee Pharmaceuticals Pvt Ltd,strip of 10 tablets,Metformin (500mg),20.0,Essential,Stable_All_Season,Tata 1mg Public Catalogue,https://www.1mg.com/drugs/metford-500-tablet-412239,332,15.0,7,140,2027-11-14,30,Room Temperature,0
MED0126,Metffil G2 Tablet PR,Antidiabetics,Fourrts India Laboratories Pvt Ltd,strip of 10 Tablet pr,Glimepiride (2mg) + Metformin (500mg),63.75,Essential,Stable_All_Season,Tata 1mg Public Catalogue,https://www.1mg.com/drugs/metffil-g2-tablet-pr-317851,231,7.7,8,94,2028-10-09,10,Room Temperature,0
MED0127,Glimestar-M 1 Tablet PR,Antidiabetics,Mankind Pharma Ltd,strip of 10 Tablet pr,Glimepiride (1mg) + Metformin (500mg),74.89,Essential,Stable_All_Season,Tata 1mg Public Catalogue,https://www.1mg.com/drugs/glimestar-m-1-tablet-pr-64724,5,16.8,10,279,2028-07-11,100,Room Temperature,1
MED0128,Glimestar-M 2 Tablet PR,Antidiabetics,Mankind Pharma Ltd,strip of 10 Tablet pr,Glimepiride (2mg) + Metformin (500mg),107.8,Essential,Stable_All_Season,Tata 1mg Public Catalogue,https://www.1mg.com/drugs/glimestar-m-2-tablet-pr-135207,174,10.4,5,72,2027-06-17,10,Room Temperature,0
MED0129,Glimestar-PM2 Tablet ER,Antidiabetics,Mankind Pharma Ltd,strip of 10 tablet er,Glimepiride (2mg) + Metformin (500mg) + Pioglitazone (15mg),128.89,Essential,Stable_All_Season,Tata 1mg Public Catalogue,https://www.1mg.com/drugs/glimestar-pm2-tablet-er-135655,98,8.1,5,53,2029-05-07,20,Room Temperature,0
MED0130,GlimiSAVe MV 3.3 Tablet SR,Antidiabetics,Eris Lifesciences Ltd,strip of 10 tablet sr,Glimepiride (3mg) + Metformin (500mg) + Voglibose (0.3mg),165.21,Essential,Stable_All_Season,Tata 1mg Public Catalogue,https://www.1mg.com/drugs/glimisave-mv-3.3-tablet-sr-318417,383,6.7,7,60,2027-06-17,20,Room Temperature,0
MED0131,GlimiSAVe MV 2 Tablet SR,Antidiabetics,Eris Lifesciences Ltd,strip of 15 tablet sr,Glimepiride (2mg) + Metformin (500mg) + Voglibose (0.2mg),337.75,Essential,Stable_All_Season,Tata 1mg Public Catalogue,https://www.1mg.com/drugs/glimisave-mv-2-tablet-sr-221756,882,9.2,14,209,2027-07-17,10,Room Temperature,0
MED0132,Vildamac M 50/500 Tablet,Antidiabetics,Macleods Pharmaceuticals Pvt Ltd,strip of 15 tablets,Metformin  (500mg) +  Vildagliptin (50mg),187.16,Essential,Stable_All_Season,Tata 1mg Public Catalogue,https://www.1mg.com/drugs/vildamac-m-50-500-tablet-567107,577,8.6,8,114,2028-10-09,30,Room Temperature,0
MED0133,Vildamac 50 Tablet,Antidiabetics,Macleods Pharmaceuticals Pvt Ltd,strip of 15 tablets,Vildagliptin (50mg),148.21,Essential,Stable_All_Season,Tata 1mg Public Catalogue,https://www.1mg.com/drugs/vildamac-50-tablet-567175,323,10.0,5,82,2028-11-08,30,Room Temperature,0
MED0134,Vildamac M 50/1000 Tablet,Antidiabetics,Macleods Pharmaceuticals Pvt Ltd,strip of 15 tablets,Metformin  (1000mg) +  Vildagliptin (50mg),182.01,Essential,Stable_All_Season,Tata 1mg Public Catalogue,https://www.1mg.com/drugs/vildamac-m-50-1000-tablet-562877,48,11.5,6,80,2027-02-17,50,Room Temperature,1
MED0135,Vildagard M 500mg/50mg Tablet,Antidiabetics,Aristo Pharmaceuticals Pvt Ltd,strip of 15 tablets,Metformin  (500mg) +  Vildagliptin (50mg),162.5,Essential,Stable_All_Season,Tata 1mg Public Catalogue,https://www.1mg.com/drugs/vildagard-m-500mg-50mg-tablet-619447,84,5.1,8,46,2028-12-08,20,Room Temperature,0
MED0136,Sitared-M Tablet 50/500,Antidiabetics,Sun Pharmaceutical Industries Ltd,strip of 15 tablets,Sitagliptin  (50mg) +  Metformin (500mg),193.0,Essential,Stable_All_Season,Tata 1mg Public Catalogue,https://www.1mg.com/drugs/sitared-m-tablet-50-500-776127,126,10.7,4,74,2028-05-12,100,Room Temperature,0
MED0137,Sitaday M 500 Tablet,Antidiabetics,Mankind Pharma Ltd,strip of 15 tablets,Sitagliptin  (50mg) +  Metformin (500mg),177.88,Essential,Stable_All_Season,Tata 1mg Public Catalogue,https://www.1mg.com/drugs/sitaday-m-500-tablet-786929,117,7.8,5,61,2027-12-14,20,Room Temperature,0
MED0138,SitaXA D 10mg/100mg Tablet,Antidiabetics,Torrent Pharmaceuticals Ltd,strip of 10 tablets,Dapagliflozin (10mg) + Sitagliptin (100mg),229.54,Essential,Stable_All_Season,Tata 1mg Public Catalogue,https://www.1mg.com/drugs/sitaxa-d-10mg-100mg-tablet-787411,27,16.0,7,189,2027-09-15,30,Room Temperature,1
MED0139,Sitaglo M Tablet,Antidiabetics,Aristo Pharmaceuticals Pvt Ltd,strip of 15 tablets,Sitagliptin  (50mg) +  Metformin (500mg),169.0,Essential,Stable_All_Season,Tata 1mg Public Catalogue,https://www.1mg.com/drugs/sitaglo-m-tablet-771650,29,12.7,8,180,2028-10-09,20,Room Temperature,1
MED0140,Tenepride M  500 Tablet PR,Antidiabetics,Micro Labs Ltd,strip of 15 Tablet pr,Metformin (500mg) + Teneligliptin (20mg),240.9,Essential,Stable_All_Season,Tata 1mg Public Catalogue,https://www.1mg.com/drugs/tenepride-m-500-tablet-pr-356690,85,11.7,6,114,2027-01-18,20,Room Temperature,0
MED0141,Tenepla Tablet,Antidiabetics,Cipla Ltd,strip of 10 tablets,Teneligliptin (20mg),107.64,Essential,Stable_All_Season,Tata 1mg Public Catalogue,https://www.1mg.com/drugs/tenepla-tablet-410295,121,9.8,6,75,2028-11-08,30,Room Temperature,0
MED0142,Tenectase 20mg Injection,Antidiabetics,Gennova Biopharmaceuticals Ltd,vial of 1 Injection,Tenecteplase (20mg),41498.0,Essential,Stable_All_Season,Tata 1mg Public Catalogue,https://www.1mg.com/drugs/tenectase-20mg-injection-393558,52,11.8,5,91,2029-04-07,50,Room Temperature,1
MED0143,Tenefit-M Tablet SR,Antidiabetics,Systopic Laboratories Pvt Ltd,strip of 15 tablet sr,Metformin (500mg) + Teneligliptin (20mg),142.03,Essential,Stable_All_Season,Tata 1mg Public Catalogue,https://www.1mg.com/drugs/tenefit-m-tablet-sr-583975,102,21.0,4,138,2028-09-09,30,Room Temperature,0
MED0144,Dapavel 10 Tablet,Antidiabetics,Intas Pharmaceuticals Ltd,strip of 10 tablets,Dapagliflozin (10mg),146.25,Essential,Stable_All_Season,Tata 1mg Public Catalogue,https://www.1mg.com/drugs/dapavel-10-tablet-630587,53,8.1,3,27,2028-02-12,20,Room Temperature,0
MED0145,Dapanorm Trio Tablet ER,Antidiabetics,Alkem Laboratories Ltd,strip of 10 tablet er,Dapagliflozin (10mg) + Metformin (500mg) + Sitagliptin (100mg),244.9,Essential,Stable_All_Season,Tata 1mg Public Catalogue,https://www.1mg.com/drugs/dapanorm-trio-tablet-er-799749,564,12.5,14,245,2027-06-17,20,Room Temperature,0
MED0146,DApanorm 10 Tablet,Antidiabetics,Alkem Laboratories Ltd,strip of 10 tablets,Dapagliflozin (10mg),197.8,Essential,Stable_All_Season,Tata 1mg Public Catalogue,https://www.1mg.com/drugs/dapanorm-10-tablet-630335,1511,17.4,12,252,2028-08-10,20,Room Temperature,0
MED0147,Dapanorm Trio Forte Tablet ER,Antidiabetics,Alkem Laboratories Ltd,strip of 10 tablet er,Dapagliflozin (10mg) + Metformin (1000mg) + Sitagliptin (100mg),255.2,Essential,Stable_All_Season,Tata 1mg Public Catalogue,https://www.1mg.com/drugs/dapanorm-trio-forte-tablet-er-799750,286,18.8,5,168,2029-03-08,20,Room Temperature,0
MED0148,Daparyl 10 Tablet,Antidiabetics,Intas Pharmaceuticals Ltd,strip of 10 tablets,Dapagliflozin (10mg),146.25,Essential,Stable_All_Season,Tata 1mg Public Catalogue,https://www.1mg.com/drugs/daparyl-10-tablet-628521,40,10.9,8,125,2028-01-13,100,Room Temperature,1
MED0149,Empara Forte Tablet,Antidiabetics,Signature Phytochemical Industries,strip of 10 tablets,Paracetamol (650mg),18.17,Essential,Stable_All_Season,Tata 1mg Public Catalogue,https://www.1mg.com/drugs/empara-forte-tablet-539916,24,9.4,6,83,2029-04-07,10,Room Temperature,1
MED0150,Empanto 40mg Tablet,Antidiabetics,Moon Healthcare Pvt Ltd,strip of 10 tablets,Pantoprazole (40mg),75.0,Essential,Stable_All_Season,Tata 1mg Public Catalogue,https://www.1mg.com/drugs/empanto-40mg-tablet-547731,51,11.5,6,82,2027-11-14,10,Room Temperature,1
MED0151,Empar 650mg Tablet,Antidiabetics,Symbiosis Life Sciences Limited,strip of 10 tablets,Paracetamol (650mg),18.28,Essential,Stable_All_Season,Tata 1mg Public Catalogue,https://www.1mg.com/drugs/empar-650mg-tablet-767755,136,14.5,4,90,2027-01-18,20,Room Temperature,0
MED0152,empaONE 10mg Tablet,Antidiabetics,MSN Laboratories,strip of 10 tablets,Empagliflozin (10mg),117.19,Essential,Stable_All_Season,Tata 1mg Public Catalogue,https://www.1mg.com/drugs/empaone-10mg-tablet-719737,169,9.9,5,88,2027-10-15,30,Room Temperature,0
MED0153,empaONE 25 Tablet,Antidiabetics,MSN Laboratories,strip of 10 tablets,Empagliflozin (25mg),170.14,Essential,Stable_All_Season,Tata 1mg Public Catalogue,https://www.1mg.com/drugs/empaone-25-tablet-706899,234,6.0,7,68,2027-11-14,10,Room Temperature,0
MED0154,Gliptagreat M 500 Tablet,Antidiabetics,Mankind Pharma Ltd,strip of 10 tablets,Metformin  (500mg) +  Vildagliptin (50mg),92.57,Essential,Stable_All_Season,Tata 1mg Public Catalogue,https://www.1mg.com/drugs/gliptagreat-m-500-tablet-572172,4,5.2,7,64,2026-12-19,10,Room Temperature,1
MED0155,Gliptagreat M 1000 Tablet,Antidiabetics,Mankind Pharma Ltd,strip of 10 tablets,Metformin  (1000mg) +  Vildagliptin (50mg),95.81,Essential,Stable_All_Season,Tata 1mg Public Catalogue,https://www.1mg.com/drugs/gliptagreat-m-1000-tablet-572620,34,10.1,4,56,2027-06-17,10,Room Temperature,1
MED0156,Gliptagreat D 10mg/100mg Tablet,Antidiabetics,Mankind Pharma Ltd,strip of 10 tablets,Dapagliflozin (10mg) + Vildagliptin (100mg),212.12,Essential,Stable_All_Season,Tata 1mg Public Catalogue,https://www.1mg.com/drugs/gliptagreat-d-10mg-100mg-tablet-751182,342,12.4,8,150,2027-08-16,30,Room Temperature,0
MED0157,Gliptagreat 50 Tablet,Antidiabetics,Mankind Pharma Ltd,strip of 15 tablets,Vildagliptin (50mg),102.56,Essential,Stable_All_Season,Tata 1mg Public Catalogue,https://www.1mg.com/drugs/gliptagreat-50-tablet-747834,515,11.2,7,120,2027-10-15,20,Room Temperature,0
MED0158,Voglimac GM 2 Tablet SR,Antidiabetics,Macleods Pharmaceuticals Pvt Ltd,strip of 10 tablet sr,Glimepiride (2mg) + Metformin (500mg) + Voglibose (0.2mg),240.48,Essential,Stable_All_Season,Tata 1mg Public Catalogue,https://www.1mg.com/drugs/voglimac-gm-2-tablet-sr-148587,454,25.6,7,207,2028-10-09,10,Room Temperature,0
MED0159,Vogli 0.3 Tablet MD,Antidiabetics,Medley Pharmaceuticals,strip of 10 tablet md,Voglibose (0.3mg),197.5,Essential,Stable_All_Season,Tata 1mg Public Catalogue,https://www.1mg.com/drugs/vogli-0.3-tablet-md-67175,152,7.6,12,122,2028-10-09,10,Room Temperature,0
MED0160,Vogliboz 0.2 Tablet,Antidiabetics,Knoll Pharmaceuticals Ltd,strip of 10 tablets,Voglibose (0.2mg),84.5,Essential,Stable_All_Season,Tata 1mg Public Catalogue,https://www.1mg.com/drugs/vogliboz-0.2-tablet-350797,601,22.3,14,556,2027-09-15,30,Room Temperature,0
MED0161,Vogli Trio 0.3 Tablet SR,Antidiabetics,Medley Pharmaceuticals,strip of 10 tablet sr,Voglibose (0.3mg) + Metformin (500mg) + Gliclazide (80mg),192.1,Essential,Stable_All_Season,Tata 1mg Public Catalogue,https://www.1mg.com/drugs/vogli-trio-0.3-tablet-sr-304476,225,12.8,6,131,2029-04-07,30,Room Temperature,0
MED0162,Glicazide M 80mg/500mg Tablet,Antidiabetics,Zeelab Pharmacy Pvt Ltd,strip of 10 tablets,Gliclazide (80mg) + Metformin (500mg),25.0,Essential,Stable_All_Season,Tata 1mg Public Catalogue,https://www.1mg.com/drugs/glicazide-m-80mg-500mg-tablet-678102,212,10.6,6,96,2027-01-18,10,Room Temperature,0
MED0163,Gliclazide 80mg Tablet,Antidiabetics,Redmax Pharma,strip of 10 tablets,Gliclazide (80mg),70.31,Essential,Stable_All_Season,Tata 1mg Public Catalogue,https://www.1mg.com/drugs/gliclazide-80mg-tablet-820964,116,21.0,7,264,2029-04-07,20,Room Temperature,1
MED0164,Gliclaz M 80 mg/500 mg Tablet,Antidiabetics,Khandelwal Laboratories Pvt Ltd,strip of 15 tablets,Gliclazide (80mg) + Metformin (500mg),128.78,Essential,Stable_All_Season,Tata 1mg Public Catalogue,https://www.1mg.com/drugs/gliclaz-m-80-mg-500-mg-tablet-162482,344,19.3,7,235,2027-11-14,10,Room Temperature,0
MED0165,Glicazide XR 60 Tablet,Antidiabetics,Zeelab Pharmacy Pvt Ltd,strip of 10 tablet mr,Gliclazide (60mg),20.0,Essential,Stable_All_Season,Tata 1mg Public Catalogue,https://www.1mg.com/drugs/glicazide-xr-60-tablet-794370,258,14.9,6,114,2028-02-12,50,Room Temperature,0
MED0166,Glictrio MV 0.2mg/500mg/80mg Tablet,Antidiabetics,N Line Healthcare Private Limited,strip of 10 tablets,Voglibose (0.2mg) + Metformin (500mg) + Gliclazide (80mg),148.13,Essential,Stable_All_Season,Tata 1mg Public Catalogue,https://www.1mg.com/drugs/glictrio-mv-0.2mg-500mg-80mg-tablet-854642,140,6.1,12,94,2026-12-19,30,Room Temperature,0
MED0167,Insugen 30/70 Solution for Injection 40IU/ml,Antidiabetics,Biocon,vial of 10 ml Solution for Injection,Insulin Isophane (70%) + Human insulin (30%),181.09,Essential,Stable_All_Season,Tata 1mg Public Catalogue,https://www.1mg.com/drugs/insugen-30-70-solution-for-injection-40iu-ml-117859,79,12.2,5,105,2028-03-13,20,Room Temperature,0
MED0168,Insugen 50/50 Suspension for Injection 100IU/ml,Antidiabetics,Biocon,cartridge of 3 ml Suspension for Injection,Insulin Isophane (50%) + Human insulin (50%),312.84,Desirable,Stable_All_Season,Tata 1mg Public Catalogue,https://www.1mg.com/drugs/insugen-50-50-suspension-for-injection-100iu-ml-133978,42,5.0,7,43,2028-12-08,10,Room Temperature,0
MED0169,Insugen 30/70 100IU Refil Cartridge,Antidiabetics,Biocon,cartridge of 3 ml Suspension for Injection,Insulin Isophane (70%) + Human insulin (30%),344.12,Essential,Stable_All_Season,Tata 1mg Public Catalogue,https://www.1mg.com/drugs/insugen-30-70-100iu-refil-cartridge-192974,4,8.6,5,73,2029-02-06,20,Room Temperature,1
MED0170,Insugen-R 40IU/ml Solution for Injection,Antidiabetics,Biocon,vial of 10 ml Solution for Injection,Human insulin (40IU),182.26,Essential,Stable_All_Season,Tata 1mg Public Catalogue,https://www.1mg.com/drugs/insugen-r-40iu-ml-solution-for-injection-117869,7,10.7,3,38,2028-08-10,20,Cold Chain (2-8C),1
MED0171,Pioglit 15 Tablet,Antidiabetics,Sun Pharmaceutical Industries Ltd,strip of 10 tablets,Pioglitazone (15mg),74.53,Essential,Stable_All_Season,Tata 1mg Public Catalogue,https://www.1mg.com/drugs/pioglit-15-tablet-27733,305,7.6,5,55,2029-05-07,30,Room Temperature,0
MED0172,Pioglit 7.5 Tablet,Antidiabetics,Sun Pharmaceutical Industries Ltd,strip of 10 tablets,Pioglitazone (7.5mg),84.38,Essential,Stable_All_Season,Tata 1mg Public Catalogue,https://www.1mg.com/drugs/pioglit-7.5-tablet-67844,114,16.5,7,138,2027-12-14,10,Room Temperature,1
MED0173,Pioglit MF 15 Tablet ER,Antidiabetics,Sun Pharmaceutical Industries Ltd,strip of 10 tablet er,Pioglitazone (15mg) + Metformin (500mg),143.44,Essential,Stable_All_Season,Tata 1mg Public Catalogue,https://www.1mg.com/drugs/pioglit-mf-15-tablet-er-113806,125,8.7,4,44,2028-02-12,100,Room Temperature,0
MED0174,Pioglar 15 Tablet,Antidiabetics,Sun Pharmaceutical Industries Ltd,strip of 10 tablets,Pioglitazone (15mg),81.0,Essential,Stable_All_Season,Tata 1mg Public Catalogue,https://www.1mg.com/drugs/pioglar-15-tablet-27774,102,8.6,6,79,2027-07-17,50,Room Temperature,0
MED0175,Pioglar-G Tablet,Antidiabetics,Sun Pharmaceutical Industries Ltd,strip of 10 tablets,Pioglitazone (15mg) + Glimepiride (2mg),168.75,Essential,Stable_All_Season,Tata 1mg Public Catalogue,https://www.1mg.com/drugs/pioglar-g-tablet-66025,329,11.4,8,143,2029-05-07,20,Room Temperature,0
MED0176,Lopez MD 2 Tablet,Gastrointestinal,Intas Pharmaceuticals Ltd,strip of 10 tablet md,Lorazepam (2mg),29.5,Essential,High_Monsoon,Tata 1mg Public Catalogue,https://www.1mg.com/drugs/lopez-md-2-tablet-346647,523,21.8,8,313,2028-08-10,30,Room Temperature,0
MED0177,Lopez 2mg Tablet,Gastrointestinal,Intas Pharmaceuticals Ltd,strip of 10 tablets,Lorazepam (2mg),23.9,Essential,High_Monsoon,Tata 1mg Public Catalogue,https://www.1mg.com/drugs/lopez-2mg-tablet-59442,424,26.5,5,229,2028-10-09,50,Room Temperature,0
MED0178,Lopez MD 1 Tablet,Gastrointestinal,Intas Pharmaceuticals Ltd,strip of 10 tablet md,Lorazepam (1mg),24.25,Essential,High_Monsoon,Tata 1mg Public Catalogue,https://www.1mg.com/drugs/lopez-md-1-tablet-346645,277,21.3,5,144,2028-08-10,20,Room Temperature,0
MED0179,Lopez 1mg Tablet,Gastrointestinal,Intas Pharmaceuticals Ltd,strip of 10 tablets,Lorazepam (1mg),18.78,Essential,High_Monsoon,Tata 1mg Public Catalogue,https://www.1mg.com/drugs/lopez-1mg-tablet-17072,126,11.6,4,71,2027-09-15,30,Room Temperature,0
MED0180,Lopex 2mg Capsule,Gastrointestinal,Uni-Pex Pharmaceuticals Pvt Ltd,strip of 10 capsules,Loperamide (2mg),31.88,Essential,High_Monsoon,Tata 1mg Public Catalogue,https://www.1mg.com/drugs/lopex-2mg-capsule-561092,37,8.4,6,56,2027-11-14,20,Room Temperature,1
MED0181,Dicyclo 20mg/50mg Tablet,Gastrointestinal,Sedate Healthcare Pvt Ltd,strip of 10 tablets,Dicyclomine (20mg) + Diclofenac (50mg),14.06,Essential,High_Monsoon,Tata 1mg Public Catalogue,https://www.1mg.com/drugs/dicyclo-20mg-50mg-tablet-471401,6,14.6,6,142,2027-10-15,30,Room Temperature,1
MED0182,Dicy M 10mg/250mg Tablet,Gastrointestinal,Lexicon Biotech India Ltd,strip of 10 tablets,Dicyclomine (10mg) + Mefenamic Acid (250mg),22.5,Essential,High_Monsoon,Tata 1mg Public Catalogue,https://www.1mg.com/drugs/dicy-m-10mg-250mg-tablet-434750,95,7.2,6,75,2027-10-15,10,Room Temperature,0
MED0183,Orsik Tablet,Gastrointestinal,Ornate Labs Pvt Ltd,strip of 10 tablets,Tranexamic Acid (500mg) + Mefenamic Acid (250mg),44.01,Essential,High_Monsoon,Tata 1mg Public Catalogue,https://www.1mg.com/drugs/orsik-tablet-247888,158,11.0,5,71,2028-02-12,20,Room Temperature,0
MED0184,Orsivit LC Tablet,Gastrointestinal,Orsim Pharma,strip of 10 tablets,Levo-carnitine (200mg) + Vitamin E (150mg),42.19,Essential,High_Monsoon,Tata 1mg Public Catalogue,https://www.1mg.com/drugs/orsivit-lc-tablet-426085,176,13.8,7,125,2028-12-08,20,Room Temperature,0
MED0185,Orsine-Plus Tablet,Gastrointestinal,Plena Remedies,strip of 10 tablets,Trypsin (48mg) + Bromelain (90mg) + Rutoside (100mg) + Diclofenac (50mg),121.88,Essential,High_Monsoon,Tata 1mg Public Catalogue,https://www.1mg.com/drugs/orsine-plus-tablet-618250,109,16.4,4,98,2027-03-19,20,Room Temperature,0
MED0186,Orsik TM Tablet,Gastrointestinal,Ornate Labs Pvt Ltd,strip of 10 tablets,Tranexamic Acid (NA) + Mefenamic Acid (NA),182.81,Essential,High_Monsoon,Tata 1mg Public Catalogue,https://www.1mg.com/drugs/orsik-tm-tablet-257179,175,8.3,6,59,2028-09-09,10,Room Temperature,0
MED0187,Orsipram C 0.5mg/10mg Tablet,Gastrointestinal,Orsim Pharma,strip of 10 tablets,Clonazepam (0.5mg) + Escitalopram Oxalate (10mg),79.69,Essential,High_Monsoon,Tata 1mg Public Catalogue,https://www.1mg.com/drugs/orsipram-c-0.5mg-10mg-tablet-854573,90,20.3,5,176,2028-04-12,30,Room Temperature,1
MED0188,Cremaffin Plus  Syrup Refreshing Sugar Free,Gastrointestinal,Abbott,bottle of 225 ml Syrup,Sodium Picosulfate (3.33mg) + Liquid Paraffin (1.25ml) + Milk Of Magnesia (3.75ml),371.58,Desirable,High_Monsoon,Tata 1mg Public Catalogue,https://www.1mg.com/drugs/cremaffin-plus-syrup-refreshing-sugar-free-357685,377,25.9,8,289,2028-05-12,30,Room Temperature,0
MED0189,Cremagel,Gastrointestinal,Abbott,tube of 30 gm Rectal Gel,Diltiazem (2% w/w),288.16,Desirable,High_Monsoon,Tata 1mg Public Catalogue,https://www.1mg.com/drugs/cremagel-147053,219,12.7,6,112,2027-04-18,10,Room Temperature,0
MED0190,Cremalax Tablet,Gastrointestinal,Abbott,strip of 6 tablets,Sodium Picosulfate (10mg),92.11,Essential,High_Monsoon,Tata 1mg Public Catalogue,https://www.1mg.com/drugs/cremalax-tablet-659600,46,11.9,5,90,2027-01-18,20,Room Temperature,1
MED0191,CremaGel-L Rectal Gel,Gastrointestinal,Abbott,tube of 30 gm Rectal Gel,Diltiazem (2% w/w) + Lidocaine (2% w/w),311.95,Desirable,High_Monsoon,Tata 1mg Public Catalogue,https://www.1mg.com/drugs/cremagel-l-rectal-gel-800528,21,11.8,7,92,2028-01-13,20,Room Temperature,1
MED0192,Gelurab D 30 mg/20 mg Capsule,Gastrointestinal,Pfizer Ltd,strip of 6 capsules,Domperidone (30mg) + Rabeprazole (20mg),42.4,Desirable,High_Monsoon,Tata 1mg Public Catalogue,https://www.1mg.com/drugs/gelurab-d-30-mg-20-mg-capsule-157318,392,34.5,5,199,2026-12-19,10,Room Temperature,0
MED0193,Gelupin Mps Gelupin-MPS-NS Tablet,Gastrointestinal,Lupin Ltd,strip of 9 tablets,Magaldrate (400mg/5ml) + Simethicone (20mg/5ml),1.03,Desirable,High_Monsoon,Tata 1mg Public Catalogue,https://www.1mg.com/drugs/gelupin-mps-gelupin-mps-ns-tablet-734664,149,11.6,6,80,2029-02-06,50,Room Temperature,0
MED0194,Gelusid-M Oral Suspension Mint,Gastrointestinal,Medlock Healthcare Pvt Ltd,bottle of 170 ml Oral Suspension,Magaldrate (400mg) + Simethicone (20mg),45.0,Desirable,High_Monsoon,Tata 1mg Public Catalogue,https://www.1mg.com/drugs/gelusid-m-oral-suspension-mint-494378,7,8.8,6,70,2027-05-18,20,Room Temperature,1
MED0195,Gelupin O Syrup,Gastrointestinal,Lupin Ltd,bottle of 200 ml Syrup,Oxetacaine (10mg/5ml) + Aluminium Hydroxide (0.291mg/5ml) + Milk Of Magnesia (98mg/5ml),140.63,Desirable,High_Monsoon,Tata 1mg Public Catalogue,https://www.1mg.com/drugs/gelupin-o-syrup-734565,18,6.2,4,44,2028-02-12,30,Room Temperature,1
MED0196,Gelumon MPS Liquid Mint Sugar Free,Gastrointestinal,Gurshyam Formulations,bottle of 170 ml Liquid,Dimethicone (50mg/5ml) + Aluminium Hydroxide (250mg/5ml) + Milk Of Magnesia (250mg/5ml) + Sorbitol (1.25mg/5ml),117.19,Desirable,High_Monsoon,Tata 1mg Public Catalogue,https://www.1mg.com/drugs/gelumon-mps-liquid-mint-sugar-free-932253,456,11.7,6,114,2027-11-14,20,Room Temperature,0
MED0197,ASTHAlin Syrup,Respiratory & Antiasthmatics,Cipla Ltd,bottle of 100 ml Syrup,Salbutamol (2mg/5ml),18.9,Desirable,High_Winter,Tata 1mg Public Catalogue,https://www.1mg.com/drugs/asthalin-syrup-69589,105,3.7,14,91,2028-12-08,20,Room Temperature,0
MED0198,Asthakind-DX Syrup Sugar Free,Respiratory & Antiasthmatics,Mankind Pharma Ltd,bottle of 60 ml Syrup,Chlorpheniramine Maleate (2mg/5ml) + Dextromethorphan Hydrobromide (15mg/5ml) + Phenylephrine (5mg/5ml),87.83,Desirable,High_Winter,Tata 1mg Public Catalogue,https://www.1mg.com/drugs/asthakind-dx-syrup-sugar-free-149334,30,2.1,8,26,2028-07-11,20,Room Temperature,0
MED0199,ASTHAlin 100mcg Inhaler,Respiratory & Antiasthmatics,Cipla Ltd,packet of 200 MDI Inhaler,Salbutamol (100mcg),169.88,Vital,High_Winter,Tata 1mg Public Catalogue,https://www.1mg.com/drugs/asthalin-100mcg-inhaler-141944,31,3.3,3,13,2027-02-17,20,Room Temperature,0
MED0200,ASTHAlin Respules,Respiratory & Antiasthmatics,Cipla Ltd,packet of 2.5 ml Respules,Salbutamol (2.5mg),8.8,Vital,High_Winter,Tata 1mg Public Catalogue,https://www.1mg.com/drugs/asthalin-respules-341377,110,2.4,3,12,2029-03-08,20,Room Temperature,0
MED0201,Asthakind-LS Expectorant Cola Sugar Free,Respiratory & Antiasthmatics,Mankind Pharma Ltd,bottle of 100 ml Expectorant,Ambroxol (30mg/5ml) + Guaifenesin (50mg/5ml) + Levosalbutamol (1mg/5ml),120.13,Essential,High_Winter,Tata 1mg Public Catalogue,https://www.1mg.com/drugs/asthakind-ls-expectorant-cola-sugar-free-216083,137,8.7,7,90,2027-02-17,30,Room Temperature,0
MED0202,BUDEcort 0.5mg Respules (2ml Each),Respiratory & Antiasthmatics,Cipla Ltd,packet of 5 respules,Budesonide (0.5mg),127.9,Vital,High_Winter,Tata 1mg Public Catalogue,https://www.1mg.com/drugs/budecort-0.5mg-respules-2ml-each-351796,70,1.3,2,5,2028-01-13,10,Room Temperature,0
MED0203,BUDEsal 0.5mg Respules 2ml,Respiratory & Antiasthmatics,Cipla Ltd,packet of 5 respules,Levosalbutamol (1.25mg) + Budesonide (0.5mg),273.9,Vital,High_Winter,Tata 1mg Public Catalogue,https://www.1mg.com/drugs/budesal-0.5mg-respules-2ml-367591,9,3.2,4,15,2028-01-13,50,Room Temperature,1
MED0204,BUDEcort 200 Inhaler,Respiratory & Antiasthmatics,Cipla Ltd,packet of 200 MDI Inhaler,Budesonide (200mcg),434.7,Vital,High_Winter,Tata 1mg Public Catalogue,https://www.1mg.com/drugs/budecort-200-inhaler-145190,134,20.7,3,84,2027-01-18,10,Room Temperature,0
MED0205,BUDEcort 100 Inhaler,Respiratory & Antiasthmatics,Cipla Ltd,packet of 200 MDI Inhaler,Budesonide (100mcg),302.4,Vital,High_Winter,Tata 1mg Public Catalogue,https://www.1mg.com/drugs/budecort-100-inhaler-48628,156,7.0,3,31,2029-03-08,20,Room Temperature,0
MED0206,BUDEtrol 200 Inhaler,Respiratory & Antiasthmatics,Macleods Pharmaceuticals Pvt Ltd,packet of 120 MDI Inhaler,Formoterol (6mcg) + Budesonide (200mcg),376.35,Vital,High_Winter,Tata 1mg Public Catalogue,https://www.1mg.com/drugs/budetrol-200-inhaler-63628,14,5.3,5,32,2028-06-11,10,Room Temperature,1
MED0207,Foracort 200 Inhaler,Respiratory & Antiasthmatics,Cipla Ltd,packet of 120 MDI Inhaler,Formoterol (6mcg) + Budesonide (200mcg),381.76,Vital,High_Winter,Tata 1mg Public Catalogue,https://www.1mg.com/drugs/foracort-200-inhaler-147935,23,13.0,3,55,2028-08-10,10,Room Temperature,1
MED0208,FORAcort 0.5mg Respules (2ml Each),Respiratory & Antiasthmatics,Cipla Ltd,packet of 5 respules,Formoterol (20mcg/2ml) + Budesonide (0.5mg/2ml),454.4,Vital,High_Winter,Tata 1mg Public Catalogue,https://www.1mg.com/drugs/foracort-0.5mg-respules-2ml-each-336671,13,4.9,5,28,2027-06-17,20,Room Temperature,1
MED0209,Foracort 400 Inhaler,Respiratory & Antiasthmatics,Cipla Ltd,packet of 120 MDI Inhaler,Formoterol (6mcg) + Budesonide (400mcg),434.7,Vital,High_Winter,Tata 1mg Public Catalogue,https://www.1mg.com/drugs/foracort-400-inhaler-148721,63,3.5,6,34,2029-05-07,30,Room Temperature,0
MED0210,FORAcort 200 Rotacap,Respiratory & Antiasthmatics,Cipla Ltd,packet of 30 rotacaps,Formoterol (6mcg) + Budesonide (200mcg),183.3,Essential,High_Winter,Tata 1mg Public Catalogue,https://www.1mg.com/drugs/foracort-200-rotacap-239107,46,3.7,5,33,2029-05-07,10,Room Temperature,0
MED0211,FORAcort 400 Rotacap,Respiratory & Antiasthmatics,Cipla Ltd,bottle of 30 rotacaps,Formoterol (6mcg) + Budesonide (400mcg),224.27,Essential,High_Winter,Tata 1mg Public Catalogue,https://www.1mg.com/drugs/foracort-400-rotacap-68419,633,13.7,6,109,2027-12-14,50,Room Temperature,0
MED0212,Deriphyllin Tablet,Respiratory & Antiasthmatics,Zydus Cadila,strip of 30 tablets,Etofylline (77mg) + Theophylline (23mg),25.63,Essential,High_Winter,Tata 1mg Public Catalogue,https://www.1mg.com/drugs/deriphyllin-tablet-496484,75,8.3,5,53,2028-08-10,30,Room Temperature,0
MED0213,Deriphyllin Retard 150  Tablet PR,Respiratory & Antiasthmatics,Zydus Cadila,strip of 30 Tablet pr,Etofylline (115mg) + Theophylline (35mg),41.85,Essential,High_Winter,Tata 1mg Public Catalogue,https://www.1mg.com/drugs/deriphyllin-retard-150-tablet-pr-323692,118,4.0,8,49,2027-09-15,50,Room Temperature,0
MED0214,Deriva-CMS Gel,Respiratory & Antiasthmatics,Glenmark Pharmaceuticals Ltd,tube of 15 gm Gel,Adapalene (0.1% w/w) + Clindamycin (1% w/w),435.9,Desirable,High_Winter,Tata 1mg Public Catalogue,https://www.1mg.com/drugs/deriva-cms-gel-156191,46,7.2,7,89,2028-03-13,50,Room Temperature,1
MED0215,Deriphyllin Retard 300 Tablet PR,Respiratory & Antiasthmatics,Zydus Cadila,strip of 30 Tablet pr,Etofylline (231mg) + Theophylline (69mg),64.43,Essential,High_Winter,Tata 1mg Public Catalogue,https://www.1mg.com/drugs/deriphyllin-retard-300-tablet-pr-64064,444,16.7,8,207,2029-03-08,30,Room Temperature,0
MED0216,Acebel-P 100mg/500mg Tablet,Respiratory & Antiasthmatics,Blubell Pharma,strip of 10 tablets,Aceclofenac (100mg) + Paracetamol (500mg),32.81,Essential,High_Winter,Tata 1mg Public Catalogue,https://www.1mg.com/drugs/acebel-p-100mg-500mg-tablet-355255,81,3.5,6,33,2028-12-08,10,Room Temperature,0
MED0217,Acebrobid SR Tablet,Respiratory & Antiasthmatics,Dr Reddy's Laboratories Ltd,strip of 10 tablet sr,Acebrophylline (200mg),216.07,Essential,High_Winter,Tata 1mg Public Catalogue,https://www.1mg.com/drugs/acebrobid-sr-tablet-205614,51,2.2,7,24,2027-10-15,10,Room Temperature,0
MED0218,Acebrofon 100 Capsule,Respiratory & Antiasthmatics,Knoll Pharmaceuticals Ltd,strip of 10 capsules,Acebrophylline (100mg),94.69,Essential,High_Winter,Tata 1mg Public Catalogue,https://www.1mg.com/drugs/acebrofon-100-capsule-541968,29,2.8,3,10,2027-07-17,100,Room Temperature,0
MED0219,Acebro 200mg Capsule SR,Respiratory & Antiasthmatics,Yash Remedies,strip of 10 capsule sr,Acebrophylline (200mg),211.88,Essential,High_Winter,Tata 1mg Public Catalogue,https://www.1mg.com/drugs/acebro-200mg-capsule-sr-834294,85,3.0,12,52,2027-09-15,50,Room Temperature,0
MED0220,Acebrohope-SR 200 Tablet,Respiratory & Antiasthmatics,Synetic Healthcare,strip of 10 tablet sr,Acebrophylline (200mg),145.31,Essential,High_Winter,Tata 1mg Public Catalogue,https://www.1mg.com/drugs/acebrohope-sr-200-tablet-538353,7,2.9,6,30,2029-03-08,20,Room Temperature,1
MED0221,Ambrodil-S Syrup,Respiratory & Antiasthmatics,Aristo Pharmaceuticals Pvt Ltd,bottle of 100 ml Syrup,Ambroxol (15mg/5ml) + Salbutamol (1mg/5ml),40.0,Desirable,High_Winter,Tata 1mg Public Catalogue,https://www.1mg.com/drugs/ambrodil-s-syrup-161343,195,6.0,5,45,2028-05-12,20,Room Temperature,0
MED0222,Ambrodil Syrup,Respiratory & Antiasthmatics,Aristo Pharmaceuticals Pvt Ltd,bottle of 100 ml Syrup,Ambroxol (30mg/5ml),92.3,Desirable,High_Winter,Tata 1mg Public Catalogue,https://www.1mg.com/drugs/ambrodil-syrup-141454,77,2.9,6,19,2029-01-07,100,Room Temperature,0
MED0223,Ambrodil-Plus RF Syrup,Respiratory & Antiasthmatics,Aristo Pharmaceuticals Pvt Ltd,bottle of 100 ml Syrup,Ambroxol (15mg/5ml) + Pseudoephedrine (30mg/5ml) + Chlorpheniramine Maleate (2mg/5ml),100.31,Desirable,High_Winter,Tata 1mg Public Catalogue,https://www.1mg.com/drugs/ambrodil-plus-rf-syrup-340760,101,6.2,5,55,2028-01-13,30,Room Temperature,0
MED0224,Ambrolite-S Expectorant,Respiratory & Antiasthmatics,Tablets India Limited,bottle of 100 ml Expectorant,Ambroxol (30mg) + Guaifenesin (50mg) + Menthol (0.5mg) + Terbutaline (1.25mg),130.78,Essential,High_Winter,Tata 1mg Public Catalogue,https://www.1mg.com/drugs/ambrolite-s-expectorant-63241,6,1.8,7,16,2027-12-14,20,Room Temperature,1
MED0225,Dextrose 25% Infusion,Respiratory & Antiasthmatics,Claris Lifesciences Ltd,bottle of 100 ml Infusion,Dextrose (25% w/v),17.67,Essential,High_Winter,Tata 1mg Public Catalogue,https://www.1mg.com/drugs/dextrose-25-infusion-304375,156,8.4,6,85,2027-10-15,30,Room Temperature,0
MED0226,Dextomid 50mcg Injection,Respiratory & Antiasthmatics,Neon Laboratories Ltd,vial of 1 ml Injection,Dexmedetomidine (50mcg),198.7,Essential,High_Winter,Tata 1mg Public Catalogue,https://www.1mg.com/drugs/dextomid-50mcg-injection-254239,96,7.3,6,69,2028-02-12,50,Room Temperature,0
MED0227,Dextrose 5% Infusion,Respiratory & Antiasthmatics,Claris Lifesciences Ltd,bottle of 500 ml Infusion,Dextrose (5% w/v),31.36,Essential,High_Winter,Tata 1mg Public Catalogue,https://www.1mg.com/drugs/dextrose-5-infusion-305424,28,7.4,5,46,2027-01-18,50,Room Temperature,1
MED0228,Dextrol Syrup,Respiratory & Antiasthmatics,Progressive Life Care,bottle of 100 ml Syrup,Chlorpheniramine Maleate (4mg) + Dextromethorphan Hydrobromide (10mg) + Guaifenesin (50mg) + Phenylephrine (10mg),46.88,Desirable,High_Winter,Tata 1mg Public Catalogue,https://www.1mg.com/drugs/dextrol-syrup-426597,137,8.2,6,61,2027-12-14,20,Room Temperature,0
MED0229,Fusibact Cream,Dermatological & Topicals,Cipla Ltd,tube of 10 gm Cream,Fusidic Acid (2% w/w),45.94,Desirable,Stable_All_Season,Tata 1mg Public Catalogue,https://www.1mg.com/drugs/fusibact-cream-319092,46,3.1,5,21,2028-10-09,10,Room Temperature,0
MED0230,Fusiwal B Cream,Dermatological & Topicals,Wallace Pharmaceuticals Pvt Ltd,tube of 10 gm Cream,Beclometasone (0.025% w/w) + Fusidic Acid (2% w/w),235.0,Desirable,Stable_All_Season,Tata 1mg Public Catalogue,https://www.1mg.com/drugs/fusiwal-b-cream-280547,115,7.6,6,75,2029-01-07,10,Room Temperature,0
MED0231,Fusiwal Cream,Dermatological & Topicals,Wallace Pharmaceuticals Pvt Ltd,tube of 5 gm Cream,Fusidic Acid (2% w/w),51.6,Desirable,Stable_All_Season,Tata 1mg Public Catalogue,https://www.1mg.com/drugs/fusiwal-cream-161218,4,4.0,5,34,2027-02-17,20,Room Temperature,1
MED0232,Fusiderm Cream,Dermatological & Topicals,Indi Pharma,tube of 10 gm Cream,Fusidic Acid (2% w/w),103.22,Desirable,Stable_All_Season,Tata 1mg Public Catalogue,https://www.1mg.com/drugs/fusiderm-cream-313359,58,4.0,6,37,2028-05-12,30,Room Temperature,0
MED0233,Fusirose Lotion,Dermatological & Topicals,Alaxia Healthcare,bottle of 15 ml Lotion,Fusidic Acid (2% w/w),197.8,Desirable,Stable_All_Season,Tata 1mg Public Catalogue,https://www.1mg.com/drugs/fusirose-lotion-410636,43,3.0,5,25,2027-03-19,30,Room Temperature,0
MED0234,Clot-XL 500 Tablet,Dermatological & Topicals,Shrinivas Gujarat Laboratories Pvt Ltd,strip of 10 tablets,Tranexamic Acid (500mg),194.6,Essential,Stable_All_Season,Tata 1mg Public Catalogue,https://www.1mg.com/drugs/clot-xl-500-tablet-225448,122,5.2,7,46,2028-04-12,20,Room Temperature,0
MED0235,Clot 500mg Tablet,Dermatological & Topicals,Yester Pharma Pvt Ltd,strip of 10 tablets,Ethamsylate (500mg),100.31,Essential,Stable_All_Season,Tata 1mg Public Catalogue,https://www.1mg.com/drugs/clot-500mg-tablet-797871,70,2.9,6,25,2028-02-12,10,Room Temperature,0
MED0236,Clotan Capsule,Dermatological & Topicals,Torrent Pharmaceuticals Ltd,strip of 10 capsules,Tolfenamic Acid (200mg),209.05,Essential,Stable_All_Season,Tata 1mg Public Catalogue,https://www.1mg.com/drugs/clotan-capsule-75296,116,9.6,12,143,2027-09-15,20,Room Temperature,1
MED0237,Clotrin Ear Drop,Dermatological & Topicals,NuLife Pharmaceuticals,bottle of 10 ml Ear Drop,Lidocaine (2% w/v) + Clotrimazole (1% w/v),149.0,Desirable,Stable_All_Season,Tata 1mg Public Catalogue,https://www.1mg.com/drugs/clotrin-ear-drop-301461,12,3.7,5,33,2028-01-13,20,Room Temperature,1
MED0238,Clotrin Mouth Paint,Dermatological & Topicals,NuLife Pharmaceuticals,bottle of 15 ml Mouth Paint,Clotrimazole (1% w/v),220.0,Essential,Stable_All_Season,Tata 1mg Public Catalogue,https://www.1mg.com/drugs/clotrin-mouth-paint-302259,22,8.2,6,69,2027-03-19,50,Room Temperature,1
MED0239,Ketorol-DT Tablet,Dermatological & Topicals,Dr Reddy's Laboratories Ltd,strip of 15 tablet dt,Ketorolac (10mg),182.78,Essential,Stable_All_Season,Tata 1mg Public Catalogue,https://www.1mg.com/drugs/ketorol-dt-tablet-338732,23,5.1,7,58,2029-03-08,10,Room Temperature,1
MED0240,KetomAC Shampoo,Dermatological & Topicals,Torque Pharmaceuticals Pvt Ltd,bottle of 110 ml Shampoo,Ketoconazole (2% w/v),225.0,Essential,Stable_All_Season,Tata 1mg Public Catalogue,https://www.1mg.com/drugs/ketomac-shampoo-120458,91,13.9,6,93,2027-09-15,20,Room Temperature,0
MED0241,KETO Soap,Dermatological & Topicals,Med Manor Organics Pvt Ltd,packet of 50 gm Soap,Ketoconazole (2% w/w),133.47,Essential,Stable_All_Season,Tata 1mg Public Catalogue,https://www.1mg.com/drugs/keto-soap-71498,16,6.4,5,52,2027-12-14,20,Room Temperature,1
MED0242,KetoCIP 2% Shampoo,Dermatological & Topicals,Cipla Ltd,bottle of 100 ml Shampoo,Ketoconazole (2% w/v),346.88,Essential,Stable_All_Season,Tata 1mg Public Catalogue,https://www.1mg.com/drugs/ketocip-2-shampoo-539808,42,4.5,3,21,2028-08-10,20,Room Temperature,0
MED0243,Ketoford 10mg Tablet DT,Dermatological & Topicals,Leeford Healthcare Ltd,strip of 10 tablet dt,Ketorolac (10mg),56.0,Essential,Stable_All_Season,Tata 1mg Public Catalogue,https://www.1mg.com/drugs/ketoford-10mg-tablet-dt-412021,4,4.7,6,34,2028-08-10,50,Room Temperature,1
MED0244,Silverex Ionic Gel,Dermatological & Topicals,Sun Pharmaceutical Industries Ltd,tube of 20 gm Gel,Silver Nitrate (0.2% w/w),169.69,Desirable,Stable_All_Season,Tata 1mg Public Catalogue,https://www.1mg.com/drugs/silverex-ionic-gel-66526,76,4.4,7,55,2027-02-17,20,Room Temperature,0
MED0245,Silverex SSD Cream,Dermatological & Topicals,Sun Pharmaceutical Industries Ltd,tube of 10 gm Cream,Chlorhexidine Gluconate (0.2% w/w) + Silver Sulfadiazine (0.5% w/w),144.0,Desirable,Stable_All_Season,Tata 1mg Public Catalogue,https://www.1mg.com/drugs/silverex-ssd-cream-649823,60,6.9,5,41,2027-03-19,10,Room Temperature,0
MED0246,Silverex Heal Gel with Colloidal Silver | For Wound Dressing,Dermatological & Topicals,Sun Pharmaceutical Industries Ltd,tube of 15 gm Gel,Silver Colloid (32ppm),151.88,Desirable,Stable_All_Season,Tata 1mg Public Catalogue,https://www.1mg.com/drugs/silverex-heal-gel-with-colloidal-silver-for-wound-dressing-377962,58,5.1,4,35,2027-08-16,30,Room Temperature,0
MED0247,Permite 5 % Cream,Dermatological & Topicals,Torrent Pharmaceuticals Ltd,tube of 60 gm Cream,Permethrin (50mg/gm),118.4,Desirable,Stable_All_Season,Tata 1mg Public Catalogue,https://www.1mg.com/drugs/permite-5-cream-371853,6,4.9,4,35,2027-01-18,50,Room Temperature,1
MED0248,Permed Soap,Dermatological & Topicals,Med Manor Organics Pvt Ltd,packet of 75 gm Soap,Permethrin (1% w/w),124.58,Essential,Stable_All_Season,Tata 1mg Public Catalogue,https://www.1mg.com/drugs/permed-soap-166086,73,3.0,7,27,2027-05-18,30,Room Temperature,0
MED0249,Permetron Lotion,Dermatological & Topicals,Alkem Laboratories Ltd,bottle of 150 ml Lotion,Permethrin (5% w/v),53.55,Desirable,Stable_All_Season,Tata 1mg Public Catalogue,https://www.1mg.com/drugs/permetron-lotion-340049,1,3.4,4,18,2028-09-09,30,Room Temperature,1
MED0250,Permiforce Cream,Dermatological & Topicals,Healing Pharma India Pvt Ltd,tube of 30 gm Cream,Permethrin (5% w/w),51.33,Desirable,Stable_All_Season,Tata 1mg Public Catalogue,https://www.1mg.com/drugs/permiforce-cream-512191,229,7.4,4,38,2027-07-17,50,Room Temperature,0
MED0251,Permin Cream,Dermatological & Topicals,Tripada Biotec Pvt Ltd,tube of 30 gm Cream,Permethrin (NA),52.03,Desirable,Stable_All_Season,Tata 1mg Public Catalogue,https://www.1mg.com/drugs/permin-cream-185161,82,5.0,6,43,2028-07-11,10,Room Temperature,0
MED0252,Hydrogen Peroxide Solution,Dermatological & Topicals,Comed Chemicals Ltd,bottle of 100 ml Solution,Hydrogen Peroxide (NA),30.0,Essential,Stable_All_Season,Tata 1mg Public Catalogue,https://www.1mg.com/drugs/hydrogen-peroxide-solution-153807,49,3.2,12,48,2028-11-08,20,Room Temperature,1
MED0253,Hydroxyl  Mouth Wash,Dermatological & Topicals,Sandika Pharmaceuticals Pvt Ltd,bottle of 200 ml Mouth Wash,Hydrogen Peroxide (1.5% w/v),112.0,Essential,Stable_All_Season,Tata 1mg Public Catalogue,https://www.1mg.com/drugs/hydroxyl-mouth-wash-323651,166,9.6,8,112,2027-05-18,20,Room Temperature,0
MED0254,Hydrox 25mg Tablet,Dermatological & Topicals,Monichem Healthcare Pvt Ltd,strip of 10 tablets,Hydroxyzine (25mg),28.13,Essential,Stable_All_Season,Tata 1mg Public Catalogue,https://www.1mg.com/drugs/hydrox-25mg-tablet-290639,9,2.1,8,20,2029-03-08,20,Room Temperature,1
MED0255,Terbinaforce-Plus NF Cream,Dermatological & Topicals,Mankind Pharma Ltd,tube of 15 gm Cream,Clotrimazole (1% w/w) + Clobetasol (0.05% w/w) + Neomycin (0.5% w/w),81.1,Desirable,Stable_All_Season,Tata 1mg Public Catalogue,https://www.1mg.com/drugs/terbinaforce-plus-nf-cream-547914,96,6.2,5,47,2027-08-16,10,Room Temperature,0
MED0256,Terbinaforce Tablet,Dermatological & Topicals,Mankind Pharma Ltd,strip of 7 tablets,Terbinafine (250mg),136.86,Essential,Stable_All_Season,Tata 1mg Public Catalogue,https://www.1mg.com/drugs/terbinaforce-tablet-130879,46,8.1,6,58,2027-01-18,30,Room Temperature,1
MED0257,Terbinaforce Cream,Dermatological & Topicals,Mankind Pharma Ltd,tube of 10 gm Cream,Terbinafine (1% w/w),56.44,Desirable,Stable_All_Season,Tata 1mg Public Catalogue,https://www.1mg.com/drugs/terbinaforce-cream-156755,9,2.4,6,21,2027-01-18,30,Room Temperature,1
MED0258,Terbinaforce 500 Tablet,Dermatological & Topicals,Mankind Pharma Ltd,strip of 7 tablets,Terbinafine (500mg),223.88,Essential,Stable_All_Season,Tata 1mg Public Catalogue,https://www.1mg.com/drugs/terbinaforce-500-tablet-335394,60,4.4,5,29,2027-05-18,50,Room Temperature,0
MED0259,Calaptin 40 Tablet,Dermatological & Topicals,Abbott,strip of 30 tablets,Verapamil (40mg),27.4,Essential,Stable_All_Season,Tata 1mg Public Catalogue,https://www.1mg.com/drugs/calaptin-40-tablet-554273,26,6.1,5,51,2029-05-07,50,Room Temperature,1
MED0260,Calaptin 120 SR Tablet,Dermatological & Topicals,Abbott,strip of 15 Tablet pr,Verapamil (120mg),95.86,Essential,Stable_All_Season,Tata 1mg Public Catalogue,https://www.1mg.com/drugs/calaptin-120-sr-tablet-543366,73,8.0,4,41,2027-08-16,10,Room Temperature,0
MED0261,Calayus-Plus Softgel Capsule,Dermatological & Topicals,Aberdure Pharma,strip of 10 soft gelatin capsules,Calcitriol (0.25mcg) + Calcium Carbonate (500mg) + Omega-3 fatty acid (300mg) + Methylcobalamin (1500mcg) + Folic Acid (400mcg) + Boron (1.5mg),365.0,Desirable,Stable_All_Season,Tata 1mg Public Catalogue,https://www.1mg.com/drugs/calayus-plus-softgel-capsule-904546,22,10.5,8,120,2027-02-17,100,Room Temperature,1
MED0262,Calaptin 80 Tablet,Dermatological & Topicals,Abbott,strip of 30 tablets,Verapamil (80mg),50.94,Essential,Stable_All_Season,Tata 1mg Public Catalogue,https://www.1mg.com/drugs/calaptin-80-tablet-554266,332,12.3,5,68,2027-05-18,30,Room Temperature,0
MED0263,Nadibact Cream,Dermatological & Topicals,Cipla Ltd,tube of 10 gm Cream,Nadifloxacin (1% w/w),145.42,Desirable,Stable_All_Season,Tata 1mg Public Catalogue,https://www.1mg.com/drugs/nadibact-cream-68428,161,8.6,5,49,2028-08-10,30,Room Temperature,0
MED0264,Nadibact Gel,Dermatological & Topicals,Cipla Ltd,tube of 10 gm Gel,Nadifloxacin (1% w/w),170.61,Desirable,Stable_All_Season,Tata 1mg Public Catalogue,https://www.1mg.com/drugs/nadibact-gel-121831,260,4.1,8,37,2028-06-11,50,Room Temperature,0
MED0265,Naditret 1% Cream,Dermatological & Topicals,KLM Laboratories Pvt Ltd,tube of 10 gm Cream,Nadifloxacin (1% w/w),135.94,Desirable,Stable_All_Season,Tata 1mg Public Catalogue,https://www.1mg.com/drugs/naditret-1-cream-719848,139,4.1,5,28,2028-06-11,10,Room Temperature,0
MED0266,Povidone Iodine Solution,Dermatological & Topicals,Wockhardt Ltd,bottle of 500 ml Solution,Povidone Iodine (0.50% w/v),263.6,Essential,Stable_All_Season,Tata 1mg Public Catalogue,https://www.1mg.com/drugs/povidone-iodine-solution-115993,95,2.5,5,14,2028-09-09,100,Room Temperature,0
MED0267,Povidot Gargle,Dermatological & Topicals,Leeford Healthcare Ltd,bottle of 100 ml Gargle,Povidone Iodine (2% w/v),117.19,Essential,Stable_All_Season,Tata 1mg Public Catalogue,https://www.1mg.com/drugs/povidot-gargle-741758,286,8.0,12,154,2028-10-09,20,Room Temperature,0
MED0268,Povifresh OZ Ointment,Dermatological & Topicals,Smart Laboratories Pvt Ltd,tube of 15 gm Ointment,Povidone Iodine (5% w/w) + Ornidazole (1% w/w),70.0,Essential,Stable_All_Season,Tata 1mg Public Catalogue,https://www.1mg.com/drugs/povifresh-oz-ointment-575560,10,7.5,7,78,2029-05-07,10,Room Temperature,1
MED0269,PoviTotal Gargle,Dermatological & Topicals,Macleods Pharmaceuticals Pvt Ltd,bottle of 100 ml Gargle,Povidone Iodine (2% w/v),195.9,Essential,Stable_All_Season,Tata 1mg Public Catalogue,https://www.1mg.com/drugs/povitotal-gargle-679187,367,8.5,5,68,2029-02-06,20,Room Temperature,0
MED0270,Lulifin Cream,Dermatological & Topicals,Sun Pharmaceutical Industries Ltd,tube of 20 gm Cream,Luliconazole (1% w/w),280.31,Desirable,Stable_All_Season,Tata 1mg Public Catalogue,https://www.1mg.com/drugs/lulifin-cream-167710,16,3.6,5,32,2028-03-13,30,Room Temperature,1
MED0271,Lulican Cream,Dermatological & Topicals,Glenmark Pharmaceuticals Ltd,tube of 30 gm Cream,Luliconazole (1% w/w),351.56,Desirable,Stable_All_Season,Tata 1mg Public Catalogue,https://www.1mg.com/drugs/lulican-cream-339663,30,5.4,8,63,2028-07-11,10,Room Temperature,1
MED0272,Lulilok Cream,Dermatological & Topicals,Eris Oaknet Healthcare Pvt Ltd,tube of 30 gm Cream,Luliconazole (1% w/w),135.79,Desirable,Stable_All_Season,Tata 1mg Public Catalogue,https://www.1mg.com/drugs/lulilok-cream-345071,211,3.8,6,26,2027-01-18,50,Room Temperature,0
MED0273,Lulimac Cream,Dermatological & Topicals,Macleods Pharmaceuticals Pvt Ltd,tube of 10 gm Cream,Luliconazole (1% w/w),168.09,Desirable,Stable_All_Season,Tata 1mg Public Catalogue,https://www.1mg.com/drugs/lulimac-cream-340413,82,3.7,6,27,2028-07-11,20,Room Temperature,0
MED0274,Shelcal XT Tablet,Vitamins & Mineral Supplements,Torrent Pharmaceuticals Ltd,strip of 15 tablets,Calcium Carbonate (1250mg) + Vitamin D3 (2000IU) + Methylcobalamin (1500mcg) + L-Methyl Folate Calcium (1mg) + Pyridoxal-5-phosphate (20mg),402.15,Essential,Stable_All_Season,Tata 1mg Public Catalogue,https://www.1mg.com/drugs/shelcal-xt-tablet-350480,6,6.0,7,65,2029-03-08,30,Room Temperature,1
MED0275,"Shelcal - HD Tablet with Calcium & Vitamin D3 | Bone, Joint & Muscle Care",Vitamins & Mineral Supplements,Torrent Pharmaceuticals Ltd,strip of 15 tablets,Calcium (500mg) + Vitamin D3 (500IU),170.9,Essential,Stable_All_Season,Tata 1mg Public Catalogue,https://www.1mg.com/drugs/shelcal-hd-tablet-with-calcium-vitamin-d3-bone-joint-muscle-care-113885,170,4.6,7,47,2027-05-18,30,Room Temperature,0
MED0276,Shelcal CT Tablet,Vitamins & Mineral Supplements,Torrent Pharmaceuticals Ltd,strip of 15 tablets,Calcium (500mg) + Vitamin D3 (0.25mcg),401.95,Essential,Stable_All_Season,Tata 1mg Public Catalogue,https://www.1mg.com/drugs/shelcal-ct-tablet-122019,39,8.3,6,70,2027-02-17,20,Room Temperature,1
MED0277,Shelcal -HD 12 Tablet,Vitamins & Mineral Supplements,Torrent Pharmaceuticals Ltd,strip of 15 tablets,Calcium Carbonate (500mg) + Vitamin D3 (500IU) + Cyanocobalamin (15mcg),212.43,Essential,Stable_All_Season,Tata 1mg Public Catalogue,https://www.1mg.com/drugs/shelcal-hd-12-tablet-130702,9,5.9,5,43,2028-01-13,10,Room Temperature,1
MED0278,Shelcal -CT Max Soft Gelatin Capsule,Vitamins & Mineral Supplements,Torrent Pharmaceuticals Ltd,strip of 15 soft gelatin capsules,Eicosapentaenoic Acid (180mg) + Docosahexanoic acid(DHA) (120mg) + Methylcobalamin (1500mcg) + Calcitriol (0.25mcg) + Calcium Carbonate (500mg) + Boron (1.5mg) + Folic Acid (400mcg),510.0,Desirable,Stable_All_Season,Tata 1mg Public Catalogue,https://www.1mg.com/drugs/shelcal-ct-max-soft-gelatin-capsule-468840,168,3.8,5,24,2028-09-09,20,Room Temperature,0
MED0279,Becotrol Capsule,Vitamins & Mineral Supplements,Pfizer Ltd,strip of 10 capsules,Calcium citrate (500mg) + Folic Acid (1.5mg) + Methylcobalamin (1500mcg) + Pyridoxine Hydrochloride (3mg) + Vitamin D3 (0.25mcg),242.32,Essential,Stable_All_Season,Tata 1mg Public Catalogue,https://www.1mg.com/drugs/becotrol-capsule-125089,416,8.2,8,97,2028-10-09,50,Room Temperature,0
MED0280,Becozinc-M Tablet,Vitamins & Mineral Supplements,Dr Reddy's Laboratories Ltd,strip of 10 tablets,Methylcobalamin (1500mcg) + Alpha Lipoic Acid (100mg) + Vitamin B6 (Pyridoxine) (3mg) + Folic Acid (1.5mg) + Vitamin D3 (1000IU),157.52,Essential,Stable_All_Season,Tata 1mg Public Catalogue,https://www.1mg.com/drugs/becozinc-m-tablet-636551,171,5.0,4,27,2027-07-17,30,Room Temperature,0
MED0281,Becotab Tablet,Vitamins & Mineral Supplements,Intas Pharmaceuticals Ltd,strip of 10 tablets,Loratadine (NA),10.55,Essential,Stable_All_Season,Tata 1mg Public Catalogue,https://www.1mg.com/drugs/becotab-tablet-167170,4,3.5,5,28,2027-04-18,100,Room Temperature,1
MED0282,Becostar G Capsule,Vitamins & Mineral Supplements,Linux Laboratories,strip of 10 capsules,Nicotinic acid (NA),217.85,Essential,Stable_All_Season,Tata 1mg Public Catalogue,https://www.1mg.com/drugs/becostar-g-capsule-234453,5,5.7,4,31,2028-05-12,20,Room Temperature,1
MED0283,Becocnx PM Tablet,Vitamins & Mineral Supplements,CNX Healthcare Pvt Ltd,strip of 10 tablets,Alpha Lipoic Acid (300mg) + Folic Acid (0.5mg) + Methylcobalamin (750mcg) + Pregabalin (75mg) + Vitamin B6 (Pyridoxine) (10mg),236.25,Essential,Stable_All_Season,Tata 1mg Public Catalogue,https://www.1mg.com/drugs/becocnx-pm-tablet-598354,292,3.5,10,48,2027-08-16,20,Room Temperature,0
MED0284,Limcas 500mg Tablet,Vitamins & Mineral Supplements,Jantec Pharma,strip of 10 tablets,Levofloxacin (500mg),80.0,Essential,Stable_All_Season,Tata 1mg Public Catalogue,https://www.1mg.com/drugs/limcas-500mg-tablet-408459,385,8.4,6,60,2027-06-17,10,Room Temperature,0
MED0285,Limcas OZ 250mg/500mg Tablet,Vitamins & Mineral Supplements,Jantec Pharma,strip of 10 tablets,Levofloxacin (250mg) + Ornidazole (500mg),135.0,Essential,Stable_All_Season,Tata 1mg Public Catalogue,https://www.1mg.com/drugs/limcas-oz-250mg-500mg-tablet-844522,5,6.2,6,63,2027-01-18,100,Room Temperature,1
MED0286,Limcuf Syrup,Vitamins & Mineral Supplements,Limcon Healthcare,bottle of 100 ml Syrup,Ambroxol (15mg) + Guaifenesin (50mg) + Menthol (25mg) + Terbutaline (1.25mg),88.08,Desirable,Stable_All_Season,Tata 1mg Public Catalogue,https://www.1mg.com/drugs/limcuf-syrup-907514,55,4.8,3,17,2028-12-08,20,Room Temperature,0
MED0287,Limcas 250mg Tablet,Vitamins & Mineral Supplements,Jantec Pharma,strip of 10 tablets,Levofloxacin (250mg),45.0,Essential,Stable_All_Season,Tata 1mg Public Catalogue,https://www.1mg.com/drugs/limcas-250mg-tablet-408457,28,1.6,7,14,2029-01-07,20,Room Temperature,0
MED0288,Ferrogen-XT Tablet For Folic acid Deficiency,Vitamins & Mineral Supplements,Intas Pharmaceuticals Ltd,strip of 10 tablets,Ferrous Ascorbate (100mg) + Folic Acid (1.5mg),152.34,Essential,Stable_All_Season,Tata 1mg Public Catalogue,https://www.1mg.com/drugs/ferrogen-xt-tablet-for-folic-acid-deficiency-170263,201,17.0,4,117,2029-02-06,10,Room Temperature,0
MED0289,Ferri 100 Injection,Vitamins & Mineral Supplements,Emcure Pharmaceuticals Ltd,ampoule of 5 ml Injection,Iron Sucrose (100mg/5ml),301.39,Essential,Stable_All_Season,Tata 1mg Public Catalogue,https://www.1mg.com/drugs/ferri-100-injection-259167,13,2.1,6,15,2027-04-18,30,Room Temperature,0
MED0290,Ferrofol-XT Tablet,Vitamins & Mineral Supplements,Regoshin Healthcare Pvt. Ltd.,strip of 10 tablets,Ferrous Ascorbate (100mg) + Folic Acid (1.5mg) + Zinc (22.5mg),140.63,Essential,Stable_All_Season,Tata 1mg Public Catalogue,https://www.1mg.com/drugs/ferrofol-xt-tablet-892330,8,5.3,5,30,2028-04-12,20,Room Temperature,1
MED0291,Ferrous Max Tablet,Vitamins & Mineral Supplements,Athena Medicare,strip of 10 tablets,Ferrous Ascorbate (100mg) + Folic Acid (1.5mg),84.28,Essential,Stable_All_Season,Tata 1mg Public Catalogue,https://www.1mg.com/drugs/ferrous-max-tablet-687690,38,4.7,8,57,2027-03-19,20,Room Temperature,1
MED0292,Ferroceff 200mg Tablet,Vitamins & Mineral Supplements,Medicant Lifesciences Pvt Ltd,strip of 6 tablets,Faropenem (200mg),487.5,Essential,Stable_All_Season,Tata 1mg Public Catalogue,https://www.1mg.com/drugs/ferroceff-200mg-tablet-749992,3,2.5,5,22,2028-06-11,20,Room Temperature,1
MED0293,Zinconia 50 Tablet,Vitamins & Mineral Supplements,Zuventus Healthcare Ltd,strip of 10 tablets,Zinc acetate (50mg),75.15,Essential,Stable_All_Season,Tata 1mg Public Catalogue,https://www.1mg.com/drugs/zinconia-50-tablet-116749,76,5.5,5,48,2027-09-15,10,Room Temperature,0
MED0294,Zincold Tablet,Vitamins & Mineral Supplements,Med Manor Organics Pvt Ltd,strip of 15 tablets,Chlorpheniramine Maleate (2mg) + Paracetamol (500mg) + Phenylephrine (10mg),95.63,Essential,Stable_All_Season,Tata 1mg Public Catalogue,https://www.1mg.com/drugs/zincold-tablet-297435,376,10.2,5,90,2027-12-14,20,Room Temperature,0
MED0295,Zincogut Syrup,Vitamins & Mineral Supplements,Centaur Pharmaceuticals Pvt Ltd,bottle of 100 ml Syrup,Zinc (20mg),146.89,Desirable,Stable_All_Season,Tata 1mg Public Catalogue,https://www.1mg.com/drugs/zincogut-syrup-329979,90,6.5,6,58,2029-02-06,30,Room Temperature,0
MED0296,Zincoderm-GM Neo Cream,Vitamins & Mineral Supplements,Apex Laboratories Pvt Ltd,tube of 15 gm Cream,Clobetasol (0.05% w/w) + Miconazole (2% w/w) + Neomycin (0.5% w/w),70.68,Desirable,Stable_All_Season,Tata 1mg Public Catalogue,https://www.1mg.com/drugs/zincoderm-gm-neo-cream-328264,34,3.1,5,20,2027-06-17,100,Room Temperature,0
MED0297,Zincold Plus Tablet,Vitamins & Mineral Supplements,Med Manor Organics Pvt Ltd,strip of 10 tablets,Nimesulide (100mg) + Paracetamol (500mg) + Levocetirizine (2.5mg) + Phenylephrine (5mg) + Caffeine (25mg),59.06,Essential,Stable_All_Season,Tata 1mg Public Catalogue,https://www.1mg.com/drugs/zincold-plus-tablet-158919,226,3.5,8,35,2027-02-17,30,Room Temperature,0
MED0298,Folitrax 15 Tablet,Vitamins & Mineral Supplements,Ipca Laboratories Ltd,strip of 10 tablets,Methotrexate (15mg),566.95,Essential,Stable_All_Season,Tata 1mg Public Catalogue,https://www.1mg.com/drugs/folitrax-15-tablet-18234,5,2.3,3,10,2028-06-11,20,Room Temperature,1
MED0299,Folitrax 7.5 Tablet,Vitamins & Mineral Supplements,Ipca Laboratories Ltd,strip of 10 tablets,Methotrexate (7.5mg),197.35,Essential,Stable_All_Season,Tata 1mg Public Catalogue,https://www.1mg.com/drugs/folitrax-7.5-tablet-18228,79,7.0,5,50,2028-09-09,10,Room Temperature,0
MED0300,"Folinext Gold Tablet with L-Methylfolate, Pyridoxal-5 Phosphate & Mecobalamin",Vitamins & Mineral Supplements,Aristo Pharmaceuticals Pvt Ltd,strip of 10 tablets,L-Methyl Folate (5mg) + Methylcobalamin (1500mcg) + Pyridoxal-5-phosphate (3mg),199.0,Essential,Stable_All_Season,Tata 1mg Public Catalogue,https://www.1mg.com/drugs/folinext-gold-tablet-with-l-methylfolate-pyridoxal-5-phosphate-mecobalamin-150274,166,4.1,12,87,2027-11-14,20,Room Temperature,0
MED0301,Folitrax 10 Tablet,Vitamins & Mineral Supplements,Ipca Laboratories Ltd,strip of 10 tablets,Methotrexate (10mg),139.55,Essential,Stable_All_Season,Tata 1mg Public Catalogue,https://www.1mg.com/drugs/folitrax-10-tablet-138215,449,15.3,5,125,2027-10-15,20,Room Temperature,0
MED0302,Folitrax 5 Tablet,Vitamins & Mineral Supplements,Ipca Laboratories Ltd,strip of 10 tablets,Methotrexate (5mg),101.33,Essential,Stable_All_Season,Tata 1mg Public Catalogue,https://www.1mg.com/drugs/folitrax-5-tablet-122524,0,10.3,6,109,2027-08-16,10,Room Temperature,1
MED0303,Supracal Tablet | Calcium & Vitamin D3 Supplement for Bone Health,Vitamins & Mineral Supplements,Pharmed Ltd,strip of 15 tablets,Calcium citrate (1000mg) + Vitamin D3 (200IU) + Zinc Sulfate (4mg) + Magnesium Sulphate (100mg),215.0,Desirable,Stable_All_Season,Tata 1mg Public Catalogue,https://www.1mg.com/drugs/supracal-tablet-calcium-vitamin-d3-supplement-for-bone-health-66696,70,4.2,5,27,2027-02-17,20,Room Temperature,0
MED0304,Suprox SR Tablet,Vitamins & Mineral Supplements,Ind Swift Laboratories Ltd,strip of 10 tablet sr,Isoxsuprine (40mg),166.75,Essential,Stable_All_Season,Tata 1mg Public Catalogue,https://www.1mg.com/drugs/suprox-sr-tablet-116291,47,8.0,10,90,2027-09-15,50,Room Temperature,1
MED0305,Supracal K2 Tablet | Advanced Bone & Joint Health Supplement,Vitamins & Mineral Supplements,Pharmed Ltd,strip of 10 tablets,Calcitriol (0.25mcg) + Calcium Citrate Malate (1200mg) + Vitamin K2-7 (50mcg),416.25,Desirable,Stable_All_Season,Tata 1mg Public Catalogue,https://www.1mg.com/drugs/supracal-k2-tablet-advanced-bone-joint-health-supplement-113990,106,3.0,8,31,2028-12-08,10,Room Temperature,0
MED0306,Supracal OS Tablet | Daily Bone Strength & Calcium Support,Vitamins & Mineral Supplements,Pharmed Ltd,strip of 10 tablets,Calcium citrate (1000mg) + Calcitriol (0.25mcg) + Zinc (7.5mg),240.0,Desirable,Stable_All_Season,Tata 1mg Public Catalogue,https://www.1mg.com/drugs/supracal-os-tablet-daily-bone-strength-calcium-support-140032,0,9.1,3,44,2026-12-19,50,Room Temperature,1
MED0307,Supridol 50mg Injection,Vitamins & Mineral Supplements,Neon Laboratories Ltd,vial of 1 ml Injection,Tramadol (50mg),12.19,Essential,Stable_All_Season,Tata 1mg Public Catalogue,https://www.1mg.com/drugs/supridol-50mg-injection-37468,10,7.1,8,95,2027-02-17,50,Room Temperature,1
MED0308,Coenac 600mg Effervescent Tablet,Vitamins & Mineral Supplements,Koye Pharmaceuticals Pvt ltd,strip of 10 Effervescent Tablet,Acetylcysteine (600mg),244.69,Essential,Stable_All_Season,Tata 1mg Public Catalogue,https://www.1mg.com/drugs/coenac-600mg-effervescent-tablet-333773,71,4.7,4,25,2029-03-08,10,Room Temperature,0
MED0309,Coenac AB 100mg/600mg Tablet,Vitamins & Mineral Supplements,Koye Pharmaceuticals Pvt ltd,strip of 10 tablets,Acebrophylline (100mg) + Acetylcysteine (600mg),146.25,Essential,Stable_All_Season,Tata 1mg Public Catalogue,https://www.1mg.com/drugs/coenac-ab-100mg-600mg-tablet-645218,47,3.2,6,25,2028-10-09,10,Room Temperature,0
MED0310,Coenac 600mg Effervescent Tablet Orange Sugar Free,Vitamins & Mineral Supplements,Koye Pharmaceuticals Pvt ltd,strip of 10 Effervescent Tablet,Acetylcysteine (600mg),244.6,Essential,Stable_All_Season,Tata 1mg Public Catalogue,https://www.1mg.com/drugs/coenac-600mg-effervescent-tablet-orange-sugar-free-717803,4,1.8,5,15,2029-05-07,50,Room Temperature,1
MED0311,Coenac 1000 Solution,Vitamins & Mineral Supplements,Koye Pharmaceuticals Pvt ltd,ampoule of 5 ml Injection,Acetylcysteine (1000mg),110.41,Essential,Stable_All_Season,Tata 1mg Public Catalogue,https://www.1mg.com/drugs/coenac-1000-solution-622551,76,3.2,8,38,2027-12-14,10,Room Temperature,0
MED0312,MethycOBAL Tablet,Vitamins & Mineral Supplements,Wockhardt Ltd,strip of 15 tablets,Methylcobalamin (500mcg),166.41,Essential,Stable_All_Season,Tata 1mg Public Catalogue,https://www.1mg.com/drugs/methycobal-tablet-330401,53,7.8,8,93,2028-05-12,30,Room Temperature,1
MED0313,MethycOBAL Injection,Vitamins & Mineral Supplements,Wockhardt Ltd,ampoule of 1 ml Injection,Methylcobalamin (500mcg),147.75,Essential,Stable_All_Season,Tata 1mg Public Catalogue,https://www.1mg.com/drugs/methycobal-injection-122861,136,6.6,8,79,2027-12-14,20,Room Temperature,0
MED0314,Methergin Tablet,Vitamins & Mineral Supplements,Dr Reddy's Laboratories Ltd,strip of 10 tablets,Methylergometrine (0.125mg),95.99,Essential,Stable_All_Season,Tata 1mg Public Catalogue,https://www.1mg.com/drugs/methergin-tablet-7630,9,2.8,4,14,2028-05-12,30,Room Temperature,1
MED0315,Methergin Injection,Vitamins & Mineral Supplements,Dr Reddy's Laboratories Ltd,vial of 1 ml Injection,Methylergometrine (0.2mg),15.93,Essential,Stable_All_Season,Tata 1mg Public Catalogue,https://www.1mg.com/drugs/methergin-injection-230862,568,9.0,8,79,2028-12-08,10,Cold Chain (2-8C),0
MED0316,Methimez 10 Tablet,Vitamins & Mineral Supplements,Sun Pharmaceutical Industries Ltd,strip of 30 tablets,Methimazole (10mg),390.0,Essential,Stable_All_Season,Tata 1mg Public Catalogue,https://www.1mg.com/drugs/methimez-10-tablet-534892,212,8.0,7,97,2028-04-12,20,Room Temperature,0
MED0317,Fluoxet 20mg Capsule,Neuropsychiatric & Sedatives,Sigmund Promedica,strip of 10 capsules,Fluoxetine (20mg),39.0,Essential,Stable_All_Season,Tata 1mg Public Catalogue,https://www.1mg.com/drugs/fluoxet-20mg-capsule-152122,94,3.8,7,38,2029-02-06,20,Room Temperature,0
MED0318,Fluoxecare 20 MD Tablet,Neuropsychiatric & Sedatives,Lifecare Neuro Products Limited,strip of 10 tablet md,Fluoxetine (20mg),32.81,Essential,Stable_All_Season,Tata 1mg Public Catalogue,https://www.1mg.com/drugs/fluoxecare-20-md-tablet-732942,470,7.1,12,139,2028-02-12,100,Room Temperature,0
MED0319,Flu Ocd 50mg Tablet,Neuropsychiatric & Sedatives,Ishjas Pharma Pvt Ltd,strip of 10 tablets,Fluvoxamine (50mg),168.7,Essential,Stable_All_Season,Tata 1mg Public Catalogue,https://www.1mg.com/drugs/flu-ocd-50mg-tablet-630339,65,3.0,6,20,2028-03-13,20,Room Temperature,0
MED0320,Fluoxet 10mg Tablet,Neuropsychiatric & Sedatives,Sigmund Promedica,strip of 10 tablets,Fluoxetine (10mg),15.91,Essential,Stable_All_Season,Tata 1mg Public Catalogue,https://www.1mg.com/drugs/fluoxet-10mg-tablet-302660,29,2.0,5,11,2028-05-12,30,Room Temperature,0
MED0321,Fluoff Tablet,Neuropsychiatric & Sedatives,Pfimaxx Organics Pvt Ltd,strip of 10 tablets,Chlorpheniramine Maleate (2mg) + Phenylephrine (5mg),48.75,Essential,Stable_All_Season,Tata 1mg Public Catalogue,https://www.1mg.com/drugs/fluoff-tablet-232487,111,4.5,7,45,2026-12-19,50,Room Temperature,0
MED0322,preGAlin 75 Capsule,Neuropsychiatric & Sedatives,Torrent Pharmaceuticals Ltd,strip of 15 capsules,Pregabalin (75mg),380.43,Essential,Stable_All_Season,Tata 1mg Public Catalogue,https://www.1mg.com/drugs/pregalin-75-capsule-146800,58,3.2,7,30,2028-08-10,30,Room Temperature,0
MED0323,Pregaba-M 75 Capsule,Neuropsychiatric & Sedatives,Torrent Pharmaceuticals Ltd,strip of 15 capsules,Methylcobalamin (750mcg) + Pregabalin (75mg),394.03,Essential,Stable_All_Season,Tata 1mg Public Catalogue,https://www.1mg.com/drugs/pregaba-m-75-capsule-377480,70,4.0,5,27,2028-09-09,10,Room Temperature,0
MED0324,PREgabA NT Tablet,Neuropsychiatric & Sedatives,Torrent Pharmaceuticals Ltd,strip of 10 tablets,Pregabalin (75mg) + Nortriptyline (10mg),282.46,Essential,Stable_All_Season,Tata 1mg Public Catalogue,https://www.1mg.com/drugs/pregaba-nt-tablet-143923,10,1.9,4,11,2028-02-12,20,Room Temperature,0
MED0325,Pregabid NT Tablet,Neuropsychiatric & Sedatives,Intas Pharmaceuticals Ltd,strip of 15 tablets,Pregabalin (75mg) + Nortriptyline (10mg),450.6,Essential,Stable_All_Season,Tata 1mg Public Catalogue,https://www.1mg.com/drugs/pregabid-nt-tablet-368887,56,2.5,7,30,2029-01-07,10,Room Temperature,0
MED0326,Pregacip M Capsule,Neuropsychiatric & Sedatives,Cipla Ltd,strip of 10 capsules,Methylcobalamin (750mcg) + Pregabalin (75mg),185.29,Essential,Stable_All_Season,Tata 1mg Public Catalogue,https://www.1mg.com/drugs/pregacip-m-capsule-252096,51,5.6,4,25,2029-05-07,30,Room Temperature,0
MED0327,Gabapin NT Tablet,Neuropsychiatric & Sedatives,Intas Pharmaceuticals Ltd,strip of 15 tablets,Gabapentin (400mg) + Nortriptyline (10mg),546.5,Essential,Stable_All_Season,Tata 1mg Public Catalogue,https://www.1mg.com/drugs/gabapin-nt-tablet-328721,181,12.4,5,102,2028-07-11,20,Room Temperature,0
MED0328,Gabapin NT 100 Tablet,Neuropsychiatric & Sedatives,Intas Pharmaceuticals Ltd,strip of 15 tablets,Gabapentin (100mg) + Nortriptyline (10mg),218.3,Essential,Stable_All_Season,Tata 1mg Public Catalogue,https://www.1mg.com/drugs/gabapin-nt-100-tablet-328720,165,9.2,8,82,2026-12-19,50,Room Temperature,0
MED0329,Gabapin 100 Tablet,Neuropsychiatric & Sedatives,Intas Pharmaceuticals Ltd,strip of 15 tablets,Gabapentin (100mg),169.1,Essential,Stable_All_Season,Tata 1mg Public Catalogue,https://www.1mg.com/drugs/gabapin-100-tablet-349297,41,2.1,5,12,2027-01-18,10,Room Temperature,0
MED0330,Gabaneuron NT Tablet,Neuropsychiatric & Sedatives,Aristo Pharmaceuticals Pvt Ltd,strip of 15 tablets,Gabapentin (300mg) + Nortriptyline (10mg),384.37,Essential,Stable_All_Season,Tata 1mg Public Catalogue,https://www.1mg.com/drugs/gabaneuron-nt-tablet-560322,82,5.2,4,28,2027-11-14,10,Room Temperature,0
MED0331,Gabapin NT 200 Tablet,Neuropsychiatric & Sedatives,Intas Pharmaceuticals Ltd,strip of 15 tablets,Gabapentin (200mg) + Nortriptyline (10mg),324.8,Essential,Stable_All_Season,Tata 1mg Public Catalogue,https://www.1mg.com/drugs/gabapin-nt-200-tablet-646644,99,6.0,5,54,2027-03-19,20,Room Temperature,0
MED0332,amiTONE 10mg Tablet,Neuropsychiatric & Sedatives,Intas Pharmaceuticals Ltd,strip of 10 tablets,Amitriptyline (10mg),20.61,Essential,Stable_All_Season,Tata 1mg Public Catalogue,https://www.1mg.com/drugs/amitone-10mg-tablet-43621,9,10.6,4,67,2028-05-12,30,Room Temperature,1
MED0333,Amitop 10 Tablet,Neuropsychiatric & Sedatives,Tas Med India Pvt Ltd,strip of 10 tablets,Amitriptyline (10mg),24.68,Essential,Stable_All_Season,Tata 1mg Public Catalogue,https://www.1mg.com/drugs/amitop-10-tablet-43675,15,2.9,4,21,2028-02-12,20,Room Temperature,0
MED0334,amiTONE 25mg Tablet,Neuropsychiatric & Sedatives,Intas Pharmaceuticals Ltd,strip of 10 tablets,Amitriptyline (25mg),26.74,Essential,Stable_All_Season,Tata 1mg Public Catalogue,https://www.1mg.com/drugs/amitone-25mg-tablet-43666,136,5.5,7,57,2029-05-07,10,Room Temperature,0
MED0335,Amitriptyline Hcl 25mg Tablet,Neuropsychiatric & Sedatives,Densa Pharmaceuticals Pvt Ltd,strip of 10 tablets,Amitriptyline (25mg),9.38,Essential,Stable_All_Season,Tata 1mg Public Catalogue,https://www.1mg.com/drugs/amitriptyline-hcl-25mg-tablet-450930,60,6.6,3,33,2027-12-14,100,Room Temperature,0
MED0336,DUlotin 10 Tablet,Neuropsychiatric & Sedatives,Icon Life Sciences,strip of 10 tablets,Duloxetine (10mg),93.0,Essential,Stable_All_Season,Tata 1mg Public Catalogue,https://www.1mg.com/drugs/dulotin-10-tablet-135557,3,1.8,6,12,2029-01-07,30,Room Temperature,1
MED0337,Duloxee 20 Tablet,Neuropsychiatric & Sedatives,Talent India,strip of 10 tablets,Duloxetine (20mg),117.0,Essential,Stable_All_Season,Tata 1mg Public Catalogue,https://www.1mg.com/drugs/duloxee-20-tablet-6247,268,6.8,5,54,2028-03-13,20,Room Temperature,0
MED0338,Duloren 20 Tablet,Neuropsychiatric & Sedatives,La Renon Healthcare Pvt Ltd,strip of 10 tablets,Duloxetine (20mg),104.06,Essential,Stable_All_Season,Tata 1mg Public Catalogue,https://www.1mg.com/drugs/duloren-20-tablet-334540,116,6.6,5,47,2028-07-11,30,Room Temperature,0
MED0339,DUlotin 20mg Tablet,Neuropsychiatric & Sedatives,Icon Life Sciences,strip of 10 tablets,Duloxetine (20mg),125.0,Essential,Stable_All_Season,Tata 1mg Public Catalogue,https://www.1mg.com/drugs/dulotin-20mg-tablet-142159,46,7.1,3,29,2027-09-15,50,Room Temperature,0
MED0340,Duloxee 30 Tablet,Neuropsychiatric & Sedatives,Talent India,strip of 10 tablets,Duloxetine (30mg),145.31,Essential,Stable_All_Season,Tata 1mg Public Catalogue,https://www.1mg.com/drugs/duloxee-30-tablet-6306,204,8.7,4,49,2027-02-17,10,Room Temperature,0
MED0341,Valparin 200 Oral Solution Delicious Pineapple,Neuropsychiatric & Sedatives,Sanofi India Ltd,bottle of 200 ml Oral Solution,Sodium Valproate (200mg/5ml),138.6,Essential,Stable_All_Season,Tata 1mg Public Catalogue,https://www.1mg.com/drugs/valparin-200-oral-solution-delicious-pineapple-327935,67,3.9,5,34,2028-12-08,100,Room Temperature,0
MED0342,VALprol -CR 500 Tablet,Neuropsychiatric & Sedatives,Intas Pharmaceuticals Ltd,strip of 15 tablet cr,Sodium Valproate (333mg) + Valproic Acid (145mg),149.63,Essential,Stable_All_Season,Tata 1mg Public Catalogue,https://www.1mg.com/drugs/valprol-cr-500-tablet-353586,36,4.9,6,53,2028-08-10,20,Room Temperature,0
MED0343,VALprol -CR 300 Tablet,Neuropsychiatric & Sedatives,Intas Pharmaceuticals Ltd,strip of 15 tablet cr,Sodium Valproate (200mg) + Valproic Acid (87mg),98.44,Essential,Stable_All_Season,Tata 1mg Public Catalogue,https://www.1mg.com/drugs/valprol-cr-300-tablet-358526,50,3.4,4,24,2027-09-15,10,Room Temperature,0
MED0344,Valprol-CR 200 Tablet,Neuropsychiatric & Sedatives,Intas Pharmaceuticals Ltd,strip of 15 tablet cr,Sodium Valproate (134mg) + Valproic Acid (58mg),57.8,Essential,Stable_All_Season,Tata 1mg Public Catalogue,https://www.1mg.com/drugs/valprol-cr-200-tablet-377479,31,4.0,6,34,2027-02-17,20,Room Temperature,0
MED0345,Valparin Chrono 300 Tablet CR,Neuropsychiatric & Sedatives,Sanofi India Ltd,strip of 15 tablet cr,Sodium Valproate (200mg) + Valproic Acid (87mg),97.59,Essential,Stable_All_Season,Tata 1mg Public Catalogue,https://www.1mg.com/drugs/valparin-chrono-300-tablet-cr-767088,133,7.8,5,68,2027-04-18,50,Room Temperature,0
MED0346,LeVERA 500 Tablet,Neuropsychiatric & Sedatives,Intas Pharmaceuticals Ltd,strip of 15 tablets,Levetiracetam (500mg),209.48,Essential,Stable_All_Season,Tata 1mg Public Catalogue,https://www.1mg.com/drugs/levera-500-tablet-357154,12,5.5,5,36,2028-01-13,20,Room Temperature,1
MED0347,Levepsy 500 Tablet,Neuropsychiatric & Sedatives,Cipla Ltd,strip of 15 tablets,Levetiracetam (500mg),180.2,Essential,Stable_All_Season,Tata 1mg Public Catalogue,https://www.1mg.com/drugs/levepsy-500-tablet-325179,146,9.2,10,134,2028-11-08,20,Room Temperature,0
MED0348,LeVERA Injection,Neuropsychiatric & Sedatives,Intas Pharmaceuticals Ltd,vial of 5 ml Injection,Levetiracetam (100mg),122.95,Essential,Stable_All_Season,Tata 1mg Public Catalogue,https://www.1mg.com/drugs/levera-injection-316865,274,9.5,4,65,2028-11-08,20,Cold Chain (2-8C),0
MED0349,LeVERA Solution,Neuropsychiatric & Sedatives,Intas Pharmaceuticals Ltd,bottle of 100 ml Oral Solution,Levetiracetam (100mg/ml),426.78,Essential,Stable_All_Season,Tata 1mg Public Catalogue,https://www.1mg.com/drugs/levera-solution-113668,21,8.0,5,59,2027-09-15,10,Room Temperature,1
MED0350,Zolpid 10mg Tablet,Neuropsychiatric & Sedatives,Micro Labs Ltd,strip of 10 tablets,Zolpidem (10mg),89.35,Essential,Stable_All_Season,Tata 1mg Public Catalogue,https://www.1mg.com/drugs/zolpid-10mg-tablet-299659,69,5.1,4,25,2028-06-11,20,Room Temperature,0
MED0351,Zolpigress 12.5mg Tablet,Neuropsychiatric & Sedatives,La Renon Healthcare Pvt Ltd,strip of 10 tablets,Zolpidem (12.5mg),134.06,Essential,Stable_All_Season,Tata 1mg Public Catalogue,https://www.1mg.com/drugs/zolpigress-12.5mg-tablet-244055,68,4.5,6,47,2028-03-13,50,Room Temperature,0
MED0352,Zolpinite 5mg Tablet,Neuropsychiatric & Sedatives,Talent India,strip of 10 tablets,Zolpidem (5mg),58.05,Essential,Stable_All_Season,Tata 1mg Public Catalogue,https://www.1mg.com/drugs/zolpinite-5mg-tablet-144483,34,11.9,4,71,2029-02-06,30,Room Temperature,1
MED0353,Zolpirest 10mg Tablet,Neuropsychiatric & Sedatives,East West Pharma,strip of 10 tablets,Zolpidem (10mg),57.66,Essential,Stable_All_Season,Tata 1mg Public Catalogue,https://www.1mg.com/drugs/zolpirest-10mg-tablet-474995,13,1.7,6,15,2028-03-13,20,Room Temperature,0
MED0354,Zolpirest M 3mg/10mg Tablet,Neuropsychiatric & Sedatives,East West Pharma,strip of 10 tablets,Melatonin (3mg) + Zolpidem (10mg),86.53,Essential,Stable_All_Season,Tata 1mg Public Catalogue,https://www.1mg.com/drugs/zolpirest-m-3mg-10mg-tablet-526733,12,4.0,6,33,2028-11-08,50,Room Temperature,1
MED0355,OlAN 10 Tablet,Neuropsychiatric & Sedatives,Micro Labs Ltd,strip of 10 tablets,Olanzapine (10mg),87.0,Essential,Stable_All_Season,Tata 1mg Public Catalogue,https://www.1mg.com/drugs/olan-10-tablet-23656,308,6.0,8,57,2029-04-07,10,Room Temperature,0
MED0356,OlAN 5 Tablet,Neuropsychiatric & Sedatives,Micro Labs Ltd,strip of 10 tablets,Olanzapine (5mg),42.1,Essential,Stable_All_Season,Tata 1mg Public Catalogue,https://www.1mg.com/drugs/olan-5-tablet-23523,105,3.6,12,73,2027-11-14,30,Room Temperature,0
MED0357,OlAN 2.5 Tablet,Neuropsychiatric & Sedatives,Micro Labs Ltd,strip of 10 tablets,Olanzapine (2.5mg),35.63,Essential,Stable_All_Season,Tata 1mg Public Catalogue,https://www.1mg.com/drugs/olan-2.5-tablet-23428,46,2.5,6,22,2027-03-19,20,Room Temperature,0
MED0358,Olanex 5 Tablet,Neuropsychiatric & Sedatives,Eris Lifesciences Ltd,strip of 10 tablets,Olanzapine (5mg),60.47,Essential,Stable_All_Season,Tata 1mg Public Catalogue,https://www.1mg.com/drugs/olanex-5-tablet-244229,143,6.0,8,56,2029-04-07,20,Room Temperature,0
MED0359,Moxikind-CV 625 Tablet,Ophthalmic & ENT,Mankind Pharma Ltd,strip of 10 tablets,Amoxycillin  (500mg) +  Clavulanic Acid (125mg),184.14,Vital,Stable_All_Season,Tata 1mg Public Catalogue,https://www.1mg.com/drugs/moxikind-cv-625-tablet-329310,15,4.2,4,22,2027-07-17,20,Room Temperature,1
MED0360,Moxicip Eye Drop,Ophthalmic & ENT,Cipla Ltd,bottle of 5 ml Eye Drop,Moxifloxacin (0.5% w/v),261.22,Desirable,Stable_All_Season,Tata 1mg Public Catalogue,https://www.1mg.com/drugs/moxicip-eye-drop-19304,14,1.4,8,14,2028-10-09,20,Room Temperature,1
MED0361,Moxikind-CV Dry Syrup,Ophthalmic & ENT,Mankind Pharma Ltd,bottle of 30 ml Oral Suspension,Amoxycillin  (200mg/5ml) +  Clavulanic Acid (28.5mg/5ml),64.39,Desirable,Stable_All_Season,Tata 1mg Public Catalogue,https://www.1mg.com/drugs/moxikind-cv-dry-syrup-261766,243,9.8,5,86,2028-10-09,50,Room Temperature,0
MED0362,Moxikind-CV 375 Tablet,Ophthalmic & ENT,Mankind Pharma Ltd,strip of 10 tablets,Amoxycillin  (250mg) +  Clavulanic Acid (125mg),181.0,Essential,Stable_All_Season,Tata 1mg Public Catalogue,https://www.1mg.com/drugs/moxikind-cv-375-tablet-329308,25,4.0,5,25,2027-05-18,20,Room Temperature,0
MED0363,Carbophage XR 500 Tablet,Ophthalmic & ENT,Merck Ltd,strip of 10 tablet er,Metformin (500mg),21.46,Essential,Stable_All_Season,Tata 1mg Public Catalogue,https://www.1mg.com/drugs/carbophage-xr-500-tablet-136043,19,3.9,4,26,2028-03-13,20,Room Temperature,0
MED0364,Carboplatin 450mg Injection,Ophthalmic & ENT,Pfizer Ltd,vial of 45 ml Injection,Carboplatin (450mg),2790.47,Essential,Stable_All_Season,Tata 1mg Public Catalogue,https://www.1mg.com/drugs/carboplatin-450mg-injection-344611,244,5.7,7,47,2028-09-09,30,Room Temperature,0
MED0365,Carbox 300 Tablet,Ophthalmic & ENT,Micro Labs Ltd,strip of 10 tablets,Oxcarbazepine (300mg),164.0,Essential,Stable_All_Season,Tata 1mg Public Catalogue,https://www.1mg.com/drugs/carbox-300-tablet-25187,136,5.0,3,21,2027-01-18,100,Room Temperature,0
MED0366,Carbophage G 1 Tablet PR,Ophthalmic & ENT,Merck Ltd,strip of 10 Tablet pr,Glimepiride (1mg) + Metformin (500mg),110.49,Essential,Stable_All_Season,Tata 1mg Public Catalogue,https://www.1mg.com/drugs/carbophage-g-1-tablet-pr-300077,136,8.8,5,61,2027-09-15,20,Room Temperature,0
MED0367,Carbophage G2 Tablet PR,Ophthalmic & ENT,Merck Ltd,strip of 10 Tablet pr,Glimepiride (2mg) + Metformin (500mg),145.65,Essential,Stable_All_Season,Tata 1mg Public Catalogue,https://www.1mg.com/drugs/carbophage-g2-tablet-pr-129260,65,9.5,7,118,2027-06-17,30,Room Temperature,1
MED0368,Tobra D Eye Drop,Ophthalmic & ENT,Laborate Pharmaceuticals India Ltd,packet of 10 ml Eye Drop,Dexamethasone (0.1%) + Tobramycin (0.3%),69.3,Desirable,Stable_All_Season,Tata 1mg Public Catalogue,https://www.1mg.com/drugs/tobra-d-eye-drop-252657,10,4.8,6,34,2028-08-10,20,Room Temperature,1
MED0369,TobRA Eye Drop,Ophthalmic & ENT,Laborate Pharmaceuticals India Ltd,packet of 10 ml Eye Drop,Tobramycin (0.3% w/v),59.4,Desirable,Stable_All_Season,Tata 1mg Public Catalogue,https://www.1mg.com/drugs/tobra-eye-drop-244168,49,3.2,7,36,2027-08-16,30,Room Temperature,0
MED0370,Tobram Eye Ointment,Ophthalmic & ENT,Pharmtak Ophtalmics India Pvt Ltd,tube of 5 gm Eye Ointment,Tobramycin (0.3% w/w),85.0,Essential,Stable_All_Season,Tata 1mg Public Catalogue,https://www.1mg.com/drugs/tobram-eye-ointment-239076,119,4.5,7,50,2028-04-12,20,Room Temperature,0
MED0371,Tobraza 5mg Tablet,Ophthalmic & ENT,Glenmark Pharmaceuticals Ltd,strip of 10 tablets,Tofacitinib (5mg),128.44,Essential,Stable_All_Season,Tata 1mg Public Catalogue,https://www.1mg.com/drugs/tobraza-5mg-tablet-894929,145,6.1,12,101,2027-09-15,50,Room Temperature,0
MED0372,Olopat OD Eye Drops,Ophthalmic & ENT,Ajanta Pharma Limited,packet of 3 ml Ophthalmic Solution,Olopatadine (0.2% w/v),269.06,Desirable,Stable_All_Season,Tata 1mg Public Catalogue,https://www.1mg.com/drugs/olopat-od-eye-drops-142876,93,3.0,10,42,2029-04-07,20,Room Temperature,0
MED0373,Olopat BAK Free Eye Drop,Ophthalmic & ENT,Ajanta Pharma Limited,bottle of 5 ml Ophthalmic Solution,Olopatadine (0.1% w/v),223.12,Desirable,Stable_All_Season,Tata 1mg Public Catalogue,https://www.1mg.com/drugs/olopat-bak-free-eye-drop-583194,23,4.7,6,44,2028-07-11,10,Room Temperature,1
MED0374,Oloplus Eye Drop,Ophthalmic & ENT,Entod Pharmaceuticals Ltd,packet of 5 ml Ophthalmic Solution,Olopatadine (0.1% w/v),191.8,Desirable,Stable_All_Season,Tata 1mg Public Catalogue,https://www.1mg.com/drugs/oloplus-eye-drop-333806,73,2.7,6,25,2028-10-09,20,Room Temperature,0
MED0375,Olopat Max Eye Drop BAK Free,Ophthalmic & ENT,Ajanta Pharma Limited,bottle of 5 ml Ophthalmic Solution,Olopatadine (0.7% w/v),336.56,Desirable,Stable_All_Season,Tata 1mg Public Catalogue,https://www.1mg.com/drugs/olopat-max-eye-drop-bak-free-646978,42,1.6,5,13,2027-05-18,20,Room Temperature,0
MED0376,Chloro Ear Drop,Ophthalmic & ENT,Pfizer Ltd,packet of 5 ml Ear Drop,Chloramphenicol (5% w/v),28.89,Desirable,Stable_All_Season,Tata 1mg Public Catalogue,https://www.1mg.com/drugs/chloro-ear-drop-287963,164,9.2,5,76,2029-03-08,20,Room Temperature,0
MED0377,Chlorocol H Eye Ointment,Ophthalmic & ENT,Jawa Pharmaceuticals  Pvt Ltd,tube of 3 gm Eye Ointment,Chloramphenicol (10mg) + Hydrocortisone (5mg),153.7,Essential,Stable_All_Season,Tata 1mg Public Catalogue,https://www.1mg.com/drugs/chlorocol-h-eye-ointment-58707,59,3.2,7,31,2029-02-06,50,Room Temperature,0
MED0378,Chloramphenicol 1% Eye Ointment,Ophthalmic & ENT,Pilco Pharma Pvt Ltd,tube of 1 Eye Ointment,Chloramphenicol (1% w/w),60.94,Essential,Stable_All_Season,Tata 1mg Public Catalogue,https://www.1mg.com/drugs/chloramphenicol-1-eye-ointment-550587,1,2.4,5,17,2029-01-07,30,Room Temperature,1
MED0379,Chloromycetin Aplicap,Ophthalmic & ENT,Pfizer Ltd,strip of 50 Eye Capsules,Chloramphenicol (1% w/w),99.38,Essential,Stable_All_Season,Tata 1mg Public Catalogue,https://www.1mg.com/drugs/chloromycetin-aplicap-269750,27,5.5,4,32,2028-02-12,50,Room Temperature,0
MED0380,Chloromycetin Ear Drop,Ophthalmic & ENT,Pfizer Ltd,bottle of 5 ml Ear Drop,Benzocaine (1% w/v) + Chloramphenicol (5% w/v),31.83,Desirable,Stable_All_Season,Tata 1mg Public Catalogue,https://www.1mg.com/drugs/chloromycetin-ear-drop-293876,83,5.1,4,30,2029-03-08,30,Room Temperature,0
MED0381,Otrivin Paediatric 0.05% w/v Nasal Drops for Fast Relief from Blocked Nose,Ophthalmic & ENT,GlaxoSmithKline Consumer Healthcare,bottle of 10 ml Nasal Drops,Xylometazoline (0.05% w/v),45.04,Desirable,Stable_All_Season,Tata 1mg Public Catalogue,https://www.1mg.com/drugs/otrivin-paediatric-0.05-w-v-nasal-drops-for-fast-relief-from-blocked-nose-68521,17,4.7,5,39,2027-11-14,10,Room Temperature,1
MED0382,Otrivin Saline,Ophthalmic & ENT,GlaxoSmithKline Consumer Healthcare,bottle of 10 ml Nasal Spray,Sodium Chloride (0.74% w/v),88.41,Essential,Stable_All_Season,Tata 1mg Public Catalogue,https://www.1mg.com/drugs/otrivin-saline-629583,129,1.4,8,19,2028-10-09,20,Room Temperature,0
MED0383,Otrivin S Nasal Spray,Ophthalmic & ENT,GlaxoSmithKline Consumer Healthcare,packet of 10 ml Nasal Spray,Sodium Chloride (0.74% w/v),80.37,Essential,Stable_All_Season,Tata 1mg Public Catalogue,https://www.1mg.com/drugs/otrivin-s-nasal-spray-32955,98,7.1,5,45,2029-04-07,20,Room Temperature,0
MED0384,Otrivin Paediatric 0.05% w/v Nasal Drops for Fast Relief from Blocked Nose Nasal Drops Pack of 3,Ophthalmic & ENT,GlaxoSmithKline Consumer Healthcare,bottle of 10 ml Nasal Drops,Xylometazoline (0.05% w/v),112.44,Desirable,Stable_All_Season,Tata 1mg Public Catalogue,https://www.1mg.com/drugs/otrivin-paediatric-0.05-w-v-nasal-drops-for-fast-relief-from-blocked-nose-nasal-drops-pack-of-3-377310,152,6.2,8,67,2029-05-07,20,Room Temperature,0
MED0385,Otrivib 0.1% Nasal Drops,Ophthalmic & ENT,Vibcare Pharma Pvt Ltd,bottle of 10 ml Nasal Drops,Xylometazoline (0.1% w/v),47.81,Desirable,Stable_All_Season,Tata 1mg Public Catalogue,https://www.1mg.com/drugs/otrivib-0.1-nasal-drops-487191,23,1.4,4,9,2028-10-09,10,Room Temperature,0
MED0386,Fluticone-FT Nasal Spray,Ophthalmic & ENT,Zydus Cadila,packet of 6 gm Nasal Spray,Fluticasone Furoate (27.5mcg),554.81,Essential,Stable_All_Season,Tata 1mg Public Catalogue,https://www.1mg.com/drugs/fluticone-ft-nasal-spray-160779,392,11.9,6,96,2027-09-15,20,Room Temperature,0
MED0387,FLUTIbact Ointment,Ophthalmic & ENT,Glaxo SmithKline Pharmaceuticals Ltd,tube of 10 gm Ointment,Fluticasone Propionate (0.005% w/w) + Mupirocin (2% w/w),267.8,Essential,Stable_All_Season,Tata 1mg Public Catalogue,https://www.1mg.com/drugs/flutibact-ointment-192975,16,5.7,5,42,2028-01-13,30,Room Temperature,1
MED0388,flutiCONE Nasal Spray,Ophthalmic & ENT,Zydus Cadila,packet of 12 ml Nasal Spray,Fluticasone Propionate (0.05% w/v),546.2,Essential,Stable_All_Season,Tata 1mg Public Catalogue,https://www.1mg.com/drugs/fluticone-nasal-spray-264341,58,2.9,6,31,2026-12-19,20,Room Temperature,0
MED0389,Fluticone-OX Nasal Spray,Ophthalmic & ENT,Zydus Healthcare Limited,bottle of 7 gm Nasal Spray,Fluticasone Furoate (0.028% w/w) + Oxymetazoline (0.050% w/w),391.87,Essential,Stable_All_Season,Tata 1mg Public Catalogue,https://www.1mg.com/drugs/fluticone-ox-nasal-spray-803038,177,2.3,7,20,2027-12-14,20,Room Temperature,0
MED0390,Bimat LS Eye Drop,Ophthalmic & ENT,Ajanta Pharma Limited,bottle of 3 ml Eye Drop,Bimatoprost (0.01% w/v),297.18,Desirable,Stable_All_Season,Tata 1mg Public Catalogue,https://www.1mg.com/drugs/bimat-ls-eye-drop-160020,36,5.6,10,79,2028-04-12,100,Room Temperature,1
MED0391,Bimat Eye Drop,Ophthalmic & ENT,Ajanta Pharma Limited,packet of 3 ml Ophthalmic Solution,Bimatoprost (0.3mg),450.0,Desirable,Stable_All_Season,Tata 1mg Public Catalogue,https://www.1mg.com/drugs/bimat-eye-drop-58565,106,6.2,5,45,2028-04-12,20,Room Temperature,0
MED0392,Bimat LS TM Eye Drop,Ophthalmic & ENT,Ajanta Pharma Limited,bottle of 3 ml Eye Drop,Bimatoprost (0.1mg/ml) + Timolol (5mg/ml),328.12,Desirable,Stable_All_Season,Tata 1mg Public Catalogue,https://www.1mg.com/drugs/bimat-ls-tm-eye-drop-158737,207,15.7,5,87,2028-11-08,30,Room Temperature,0
MED0393,Bimat-T Eye Drops,Ophthalmic & ENT,Ajanta Pharma Limited,bottle of 3 ml Ophthalmic Solution,Bimatoprost (0.3mg/ml) + Timolol (5mg/ml),509.06,Desirable,Stable_All_Season,Tata 1mg Public Catalogue,https://www.1mg.com/drugs/bimat-t-eye-drops-150822,34,9.1,4,47,2029-04-07,20,Room Temperature,1
MED0394,Bimato MS Eye Drops,Ophthalmic & ENT,Guerison MS Inc.,bottle of 3 ml Ophthalmic Solution,Bimatoprost (0.01% w/v),370.31,Desirable,Stable_All_Season,Tata 1mg Public Catalogue,https://www.1mg.com/drugs/bimato-ms-eye-drops-853184,10,4.9,5,41,2028-03-13,50,Room Temperature,1
MED0395,Timolet Eye Drop,Ophthalmic & ENT,Sun Pharmaceutical Industries Ltd,packet of 5 ml Eye Drop,Timolol (0.5% w/v),71.51,Desirable,Stable_All_Season,Tata 1mg Public Catalogue,https://www.1mg.com/drugs/timolet-eye-drop-36788,64,9.4,4,61,2028-07-11,50,Room Temperature,0
MED0396,Timolet OD BKC free Eye Drop,Ophthalmic & ENT,Sun Pharmaceutical Industries Ltd,packet of 3 ml Ophthalmic Solution,Timolol (0.5% w/v),42.91,Desirable,Stable_All_Season,Tata 1mg Public Catalogue,https://www.1mg.com/drugs/timolet-od-bkc-free-eye-drop-167894,70,6.2,10,70,2027-02-17,20,Room Temperature,1
MED0397,Timol P Eye Drop,Ophthalmic & ENT,Entod Pharmaceuticals Ltd,packet of 5 ml Eye Drop,Timolol (0.5% w/v),70.31,Desirable,Stable_All_Season,Tata 1mg Public Catalogue,https://www.1mg.com/drugs/timol-p-eye-drop-288404,197,5.2,6,50,2027-10-15,30,Room Temperature,0
MED0398,Timostar 0.5% Eye Drop,Ophthalmic & ENT,Mankind Pharma Ltd,packet of 5 ml Eye Drop,Timolol (0.5%),71.41,Desirable,Stable_All_Season,Tata 1mg Public Catalogue,https://www.1mg.com/drugs/timostar-0.5-eye-drop-290097,92,4.5,8,59,2028-12-08,20,Room Temperature,0
MED0399,Timo-5 Eye Drop,Ophthalmic & ENT,Syntho Pharmaceuticals Pvt Ltd,packet of 5 ml Eye Drop,Timolol (0.5% w/v),71.25,Desirable,Stable_All_Season,Tata 1mg Public Catalogue,https://www.1mg.com/drugs/timo-5-eye-drop-289142,233,16.4,5,129,2027-02-17,30,Room Temperature,0
MED0400,Pred Forte Ophthalmic Suspension,Ophthalmic & ENT,Allergan India Pvt Ltd,packet of 10 ml Ophthalmic Suspension,Prednisolone (1% w/v),61.91,Desirable,Stable_All_Season,Tata 1mg Public Catalogue,https://www.1mg.com/drugs/pred-forte-ophthalmic-suspension-67609,39,2.3,4,12,2028-08-10,30,Room Temperature,0
MED0401,Predmet 16 Tablet,Ophthalmic & ENT,Sun Pharmaceutical Industries Ltd,strip of 10 tablets,Methylprednisolone (16mg),137.0,Essential,Stable_All_Season,Tata 1mg Public Catalogue,https://www.1mg.com/drugs/predmet-16-tablet-13207,40,11.0,7,101,2027-10-15,20,Room Temperature,1
MED0402,Predmet 4 Tablet,Ophthalmic & ENT,Sun Pharmaceutical Industries Ltd,strip of 15 tablets,Methylprednisolone (4mg),98.5,Essential,Stable_All_Season,Tata 1mg Public Catalogue,https://www.1mg.com/drugs/predmet-4-tablet-815267,55,2.5,5,22,2028-02-12,20,Room Temperature,0
MED0403,Predmet 1% Eye Drop,Ophthalmic & ENT,Sun Pharmaceutical Industries Ltd,packet of 10 ml Eye Drop,Prednisolone (1% w/v),61.53,Desirable,Stable_All_Season,Tata 1mg Public Catalogue,https://www.1mg.com/drugs/predmet-1-eye-drop-13287,58,3.1,8,39,2029-05-07,30,Room Temperature,0
MED0404,Predmet 8 Tablet,Ophthalmic & ENT,Sun Pharmaceutical Industries Ltd,strip of 15 tablets,Methylprednisolone (8mg),117.0,Essential,Stable_All_Season,Tata 1mg Public Catalogue,https://www.1mg.com/drugs/predmet-8-tablet-821891,60,3.1,8,35,2029-02-06,20,Room Temperature,0
MED0405,Hyalgan Injection,Ophthalmic & ENT,Lupin Ltd,prefilled syringe of 2 ml Injection,Hyaluronic Acid (20mg),1922.8,Essential,Stable_All_Season,Tata 1mg Public Catalogue,https://www.1mg.com/drugs/hyalgan-injection-233769,151,8.0,8,91,2028-11-08,100,Cold Chain (2-8C),0
MED0406,Hyalorx Eye Drop,Ophthalmic & ENT,IRx pharmaceuticals Pvt Ltd.,bottle of 10 ml Eye Drop,Sodium Hyaluronate (0.1% w/v),497.0,Desirable,Stable_All_Season,Tata 1mg Public Catalogue,https://www.1mg.com/drugs/hyalorx-eye-drop-666983,143,6.4,7,59,2029-02-06,50,Room Temperature,0
MED0407,Hyal Oral Tablet,Ophthalmic & ENT,Nouveau Medicament (P) Ltd.,strip of 10 tablets,Sodium Hyaluronate (20mg),93.4,Essential,Stable_All_Season,Tata 1mg Public Catalogue,https://www.1mg.com/drugs/hyal-oral-tablet-69220,331,6.3,6,43,2028-07-11,10,Room Temperature,0
MED0408,Hyalone Injection,Ophthalmic & ENT,Lupin Ltd,vial of 4 ml Injection,Hyaluronic Acid (60mg),18717.08,Essential,Stable_All_Season,Tata 1mg Public Catalogue,https://www.1mg.com/drugs/hyalone-injection-156031,67,6.3,8,91,2028-02-12,10,Cold Chain (2-8C),0
MED0409,Amikacin 500mg Injection,Antibiotics,Aristo Pharma,standard clinical packaging,Amikacin 500mg,85.0,Vital,Stable_All_Season,Apollo Pharmacy & Netmeds Public Directories,https://www.apollopharmacy.in/search-medicines/amikacin-500mg-injection,75,13.7,2,36,2028-01-13,10,Room Temperature,0
MED0410,Gentamicin 80mg Injection,Antibiotics,Piramal Healthcare,standard clinical packaging,Gentamicin 80mg,22.0,Vital,Stable_All_Season,Apollo Pharmacy & Netmeds Public Directories,https://www.apollopharmacy.in/search-medicines/gentamicin-80mg-injection,198,25.2,2,89,2029-04-07,20,Room Temperature,0
MED0411,Meropenem 1g Injection,Antibiotics,Cipla Ltd,standard clinical packaging,Meropenem 1g,850.0,Vital,Stable_All_Season,Apollo Pharmacy & Netmeds Public Directories,https://www.apollopharmacy.in/search-medicines/meropenem-1g-injection,278,32.9,3,150,2028-01-13,50,Cold Chain (2-8C),0
MED0412,Piperacillin + Tazobactam 4.5g,Antibiotics,Alkem Labs,standard clinical packaging,Piperacillin + Tazobactam 4.5g,480.0,Vital,Stable_All_Season,Apollo Pharmacy & Netmeds Public Directories,https://www.apollopharmacy.in/search-medicines/piperacillin-+-tazobactam,782,12.5,10,194,2028-07-11,50,Room Temperature,0
MED0413,Vancomycin 500mg Injection,Antibiotics,Biocon,standard clinical packaging,Vancomycin 500mg,360.0,Vital,Stable_All_Season,Apollo Pharmacy & Netmeds Public Directories,https://www.apollopharmacy.in/search-medicines/vancomycin-500mg-injectio,379,35.3,3,186,2027-04-18,10,Cold Chain (2-8C),0
MED0414,Colistin 1MIU Injection,Antibiotics,Cipla Ltd,standard clinical packaging,Colistin 1MIU,620.0,Vital,Stable_All_Season,Apollo Pharmacy & Netmeds Public Directories,https://www.apollopharmacy.in/search-medicines/colistin-1miu-injection,192,12.4,5,103,2027-07-17,20,Room Temperature,0
MED0415,Tobramycin 80mg Injection,Antibiotics,Sun Pharma,standard clinical packaging,Tobramycin 80mg,145.0,Vital,Stable_All_Season,Apollo Pharmacy & Netmeds Public Directories,https://www.apollopharmacy.in/search-medicines/tobramycin-80mg-injection,873,19.8,6,197,2027-02-17,100,Room Temperature,0
MED0416,Faropenem 200mg Tablet,Antibiotics,Mankind Pharma,standard clinical packaging,Faropenem 200mg,310.0,Essential,High_Winter,Apollo Pharmacy & Netmeds Public Directories,https://www.apollopharmacy.in/search-medicines/faropenem-200mg-tablet,29,27.7,5,242,2027-07-17,20,Room Temperature,1
MED0417,Ceftriaxone 1g Injection (Monocef),Antibiotics,Aristo Pharma,standard clinical packaging,Ceftriaxone 1g,68.0,Vital,High_Monsoon,Apollo Pharmacy & Netmeds Public Directories,https://www.apollopharmacy.in/search-medicines/ceftriaxone-1g-injection-,86,13.2,7,142,2028-01-13,10,Room Temperature,1
MED0418,Cefotaxime 1g Injection,Antibiotics,Alkem Labs,standard clinical packaging,Cefotaxime 1g,55.0,Vital,High_Monsoon,Apollo Pharmacy & Netmeds Public Directories,https://www.apollopharmacy.in/search-medicines/cefotaxime-1g-injection,16,17.0,3,82,2027-08-16,20,Room Temperature,1
MED0419,Teicoplanin 400mg Injection,Antibiotics,Sanofi India,standard clinical packaging,Teicoplanin 400mg,920.0,Vital,Stable_All_Season,Apollo Pharmacy & Netmeds Public Directories,https://www.apollopharmacy.in/search-medicines/teicoplanin-400mg-injecti,314,17.8,6,122,2027-06-17,20,Room Temperature,0
MED0420,Tigecycline 50mg Injection,Antibiotics,Pfizer India,standard clinical packaging,Tigecycline 50mg,1250.0,Vital,Stable_All_Season,Apollo Pharmacy & Netmeds Public Directories,https://www.apollopharmacy.in/search-medicines/tigecycline-50mg-injectio,63,16.2,2,44,2027-11-14,10,Cold Chain (2-8C),0
MED0421,Nitrofurantoin 100mg Tablet,Antibiotics,Torrent Pharma,standard clinical packaging,Nitrofurantoin 100mg,115.0,Essential,High_Monsoon,Apollo Pharmacy & Netmeds Public Directories,https://www.apollopharmacy.in/search-medicines/nitrofurantoin-100mg-tabl,187,14.9,14,254,2027-11-14,10,Room Temperature,1
MED0422,Fosfomycin 3g Sachet,Antibiotics,Cipla Ltd,standard clinical packaging,Fosfomycin 3g Sachet,380.0,Essential,High_Monsoon,Apollo Pharmacy & Netmeds Public Directories,https://www.apollopharmacy.in/search-medicines/fosfomycin-3g-sachet,134,10.9,5,69,2027-06-17,10,Room Temperature,0
MED0423,Cefpodoxime 200mg Tablet,Antibiotics,Mankind Pharma,standard clinical packaging,Cefpodoxime 200mg,175.0,Vital,High_Winter,Apollo Pharmacy & Netmeds Public Directories,https://www.apollopharmacy.in/search-medicines/cefpodoxime-200mg-tablet,246,13.2,6,96,2027-01-18,10,Room Temperature,0
MED0424,Cefadroxil 500mg Tablet,Antibiotics,Lupin Ltd,standard clinical packaging,Cefadroxil 500mg,95.0,Essential,High_Monsoon,Apollo Pharmacy & Netmeds Public Directories,https://www.apollopharmacy.in/search-medicines/cefadroxil-500mg-tablet,73,18.2,4,110,2028-01-13,20,Room Temperature,0
MED0425,Spiramycin 3MIU Tablet,Antibiotics,Abbott India,standard clinical packaging,Spiramycin 3MIU,240.0,Desirable,Stable_All_Season,Apollo Pharmacy & Netmeds Public Directories,https://www.apollopharmacy.in/search-medicines/spiramycin-3miu-tablet,563,16.5,14,318,2028-08-10,30,Room Temperature,0
MED0426,Roxithromycin 150mg Tablet,Antibiotics,Alembic Pharma,standard clinical packaging,Roxithromycin 150mg,110.0,Essential,High_Winter,Apollo Pharmacy & Netmeds Public Directories,https://www.apollopharmacy.in/search-medicines/roxithromycin-150mg-table,107,15.0,6,161,2027-09-15,30,Room Temperature,0
MED0427,Minocycline 100mg Capsule,Antibiotics,Sun Pharma,standard clinical packaging,Minocycline 100mg,210.0,Essential,Stable_All_Season,Apollo Pharmacy & Netmeds Public Directories,https://www.apollopharmacy.in/search-medicines/minocycline-100mg-capsule,237,13.8,6,134,2027-11-14,20,Room Temperature,0
MED0428,Trimethoprim + Sulfamethoxazole DS,Antibiotics,GlaxoSmithKline,standard clinical packaging,Trimethoprim + Sulfamethoxazole DS,35.0,Essential,Stable_All_Season,Apollo Pharmacy & Netmeds Public Directories,https://www.apollopharmacy.in/search-medicines/trimethoprim-+-sulfametho,724,22.7,4,144,2029-05-07,20,Room Temperature,0
MED0429,Cefprozil 500mg Tablet,Antibiotics,Alkem Labs,standard clinical packaging,Cefprozil 500mg,290.0,Desirable,High_Winter,Apollo Pharmacy & Netmeds Public Directories,https://www.apollopharmacy.in/search-medicines/cefprozil-500mg-tablet,763,17.6,6,164,2027-06-17,10,Room Temperature,0
MED0430,Linezolid 100mg/5ml Syrup,Antibiotics,Glenmark Pharma,standard clinical packaging,Linezolid 100mg/5ml Syrup,220.0,Vital,High_Winter,Apollo Pharmacy & Netmeds Public Directories,https://www.apollopharmacy.in/search-medicines/linezolid-100mg/5ml-syrup,48,8.7,6,63,2027-02-17,50,Room Temperature,1
MED0431,Amoxicillin + Cloxacillin 500mg,Antibiotics,Cadila Pharma,standard clinical packaging,Amoxicillin + Cloxacillin 500mg,88.0,Essential,High_Monsoon,Apollo Pharmacy & Netmeds Public Directories,https://www.apollopharmacy.in/search-medicines/amoxicillin-+-cloxacillin,837,18.6,6,134,2027-02-17,20,Room Temperature,0
MED0432,Ampicillin + Cloxacillin 500mg,Antibiotics,Torrent Pharma,standard clinical packaging,Ampicillin + Cloxacillin 500mg,72.0,Essential,High_Monsoon,Apollo Pharmacy & Netmeds Public Directories,https://www.apollopharmacy.in/search-medicines/ampicillin-+-cloxacillin-,10,14.4,8,191,2028-12-08,10,Room Temperature,1
MED0433,Lincomycin 500mg Capsule,Antibiotics,Wallace Pharma,standard clinical packaging,Lincomycin 500mg,65.0,Desirable,Stable_All_Season,Apollo Pharmacy & Netmeds Public Directories,https://www.apollopharmacy.in/search-medicines/lincomycin-500mg-capsule,899,42.8,7,460,2028-04-12,30,Room Temperature,0
MED0434,Netilmicin 200mg Injection,Antibiotics,Neon Labs,standard clinical packaging,Netilmicin 200mg,180.0,Vital,Stable_All_Season,Apollo Pharmacy & Netmeds Public Directories,https://www.apollopharmacy.in/search-medicines/netilmicin-200mg-injectio,784,39.6,3,138,2028-05-12,20,Room Temperature,0
MED0435,Ertapenem 1g Injection,Antibiotics,MSD Pharmaceuticals,standard clinical packaging,Ertapenem 1g,1850.0,Vital,Stable_All_Season,Apollo Pharmacy & Netmeds Public Directories,https://www.apollopharmacy.in/search-medicines/ertapenem-1g-injection,421,19.0,6,181,2028-09-09,30,Room Temperature,0
MED0436,Cefepime 1g Injection,Antibiotics,Biocon,standard clinical packaging,Cefepime 1g,420.0,Vital,Stable_All_Season,Apollo Pharmacy & Netmeds Public Directories,https://www.apollopharmacy.in/search-medicines/cefepime-1g-injection,335,28.1,6,206,2028-08-10,10,Cold Chain (2-8C),0
MED0437,Cefoperazone + Sulbactam 1.5g,Antibiotics,Pfizer India,standard clinical packaging,Cefoperazone + Sulbactam 1.5g,390.0,Vital,Stable_All_Season,Apollo Pharmacy & Netmeds Public Directories,https://www.apollopharmacy.in/search-medicines/cefoperazone-+-sulbactam-,310,15.8,2,36,2028-07-11,20,Room Temperature,0
MED0438,Levofloxacin 750mg Tablet,Antibiotics,Cipla Ltd,standard clinical packaging,Levofloxacin 750mg,145.0,Essential,High_Winter,Apollo Pharmacy & Netmeds Public Directories,https://www.apollopharmacy.in/search-medicines/levofloxacin-750mg-tablet,396,23.1,5,146,2026-12-19,10,Room Temperature,0
MED0439,Ciprofloxacin 250mg Tablet,Antibiotics,Dr. Reddy's,standard clinical packaging,Ciprofloxacin 250mg,45.0,Essential,High_Monsoon,Apollo Pharmacy & Netmeds Public Directories,https://www.apollopharmacy.in/search-medicines/ciprofloxacin-250mg-table,170,10.7,8,118,2027-10-15,30,Room Temperature,0
MED0440,Norfloxacin + Tinidazole Tablet,Antibiotics,Cipla Ltd,standard clinical packaging,Norfloxacin + Tinidazole,68.0,Essential,High_Monsoon,Apollo Pharmacy & Netmeds Public Directories,https://www.apollopharmacy.in/search-medicines/norfloxacin-+-tinidazole-,192,12.2,5,70,2028-06-11,10,Room Temperature,0
MED0441,Tinidazole 500mg Tablet,Antibiotics,Pfizer India,standard clinical packaging,Tinidazole 500mg,42.0,Essential,High_Monsoon,Apollo Pharmacy & Netmeds Public Directories,https://www.apollopharmacy.in/search-medicines/tinidazole-500mg-tablet,110,7.1,5,40,2029-02-06,30,Room Temperature,0
MED0442,Secnidazole 1g Tablet,Antibiotics,Sun Pharma,standard clinical packaging,Secnidazole 1g,78.0,Desirable,High_Monsoon,Apollo Pharmacy & Netmeds Public Directories,https://www.apollopharmacy.in/search-medicines/secnidazole-1g-tablet,40,11.5,6,105,2028-09-09,20,Room Temperature,1
MED0443,Ornidazole 500mg Tablet,Antibiotics,Aristo Pharma,standard clinical packaging,Ornidazole 500mg,58.0,Essential,High_Monsoon,Apollo Pharmacy & Netmeds Public Directories,https://www.apollopharmacy.in/search-medicines/ornidazole-500mg-tablet,438,24.1,14,445,2027-07-17,20,Room Temperature,1
MED0444,Rifaximin 550mg Tablet,Antibiotics,Sun Pharma,standard clinical packaging,Rifaximin 550mg,340.0,Desirable,High_Monsoon,Apollo Pharmacy & Netmeds Public Directories,https://www.apollopharmacy.in/search-medicines/rifaximin-550mg-tablet,660,24.6,6,264,2028-05-12,50,Room Temperature,0
MED0445,Chloramphenicol 500mg Capsule,Antibiotics,Zydus Cadila,standard clinical packaging,Chloramphenicol 500mg,52.0,Essential,Stable_All_Season,Apollo Pharmacy & Netmeds Public Directories,https://www.apollopharmacy.in/search-medicines/chloramphenicol-500mg-cap,77,22.2,5,157,2027-02-17,50,Room Temperature,1
MED0446,Aztreonam 1g Injection,Antibiotics,Cipla Ltd,standard clinical packaging,Aztreonam 1g,980.0,Vital,Stable_All_Season,Apollo Pharmacy & Netmeds Public Directories,https://www.apollopharmacy.in/search-medicines/aztreonam-1g-injection,16,9.9,5,81,2027-02-17,20,Cold Chain (2-8C),1
MED0447,Cefteram Pivoxil 200mg Tablet,Antibiotics,Mankind Pharma,standard clinical packaging,Cefteram Pivoxil 200mg,260.0,Desirable,High_Winter,Apollo Pharmacy & Netmeds Public Directories,https://www.apollopharmacy.in/search-medicines/cefteram-pivoxil-200mg-ta,566,14.3,5,115,2028-05-12,50,Room Temperature,0
MED0448,Doripenem 500mg Injection,Antibiotics,Sun Pharma,standard clinical packaging,Doripenem 500mg,1400.0,Vital,Stable_All_Season,Apollo Pharmacy & Netmeds Public Directories,https://www.apollopharmacy.in/search-medicines/doripenem-500mg-injection,190,29.4,2,83,2027-02-17,30,Cold Chain (2-8C),0
MED0449,Diclofenac Sodium 75mg Injection (Voveran),Analgesics & Antipyretics,Novartis India,standard clinical packaging,Diclofenac Sodium 75mg,35.0,Essential,Stable_All_Season,Apollo Pharmacy & Netmeds Public Directories,https://www.apollopharmacy.in/search-medicines/diclofenac-sodium-75mg-in,261,18.3,4,118,2028-11-08,30,Cold Chain (2-8C),0
MED0450,Ketorolac Tromethamine 30mg Injection,Analgesics & Antipyretics,Dr. Reddy's,standard clinical packaging,Ketorolac Tromethamine 30mg,45.0,Vital,Stable_All_Season,Apollo Pharmacy & Netmeds Public Directories,https://www.apollopharmacy.in/search-medicines/ketorolac-tromethamine-30,95,11.1,2,33,2027-02-17,10,Room Temperature,0
MED0451,Lornoxicam 8mg Tablet,Analgesics & Antipyretics,Glenmark Pharma,standard clinical packaging,Lornoxicam 8mg,95.0,Essential,Stable_All_Season,Apollo Pharmacy & Netmeds Public Directories,https://www.apollopharmacy.in/search-medicines/lornoxicam-8mg-tablet,190,21.0,5,173,2028-08-10,10,Room Temperature,0
MED0452,Dexketoprofen 25mg Tablet,Analgesics & Antipyretics,Emcure Pharma,standard clinical packaging,Dexketoprofen 25mg,85.0,Desirable,Stable_All_Season,Apollo Pharmacy & Netmeds Public Directories,https://www.apollopharmacy.in/search-medicines/dexketoprofen-25mg-tablet,19,16.3,5,141,2027-07-17,30,Room Temperature,1
MED0453,Zaltoprofen 80mg Tablet,Analgesics & Antipyretics,Torrent Pharma,standard clinical packaging,Zaltoprofen 80mg,140.0,Desirable,Stable_All_Season,Apollo Pharmacy & Netmeds Public Directories,https://www.apollopharmacy.in/search-medicines/zaltoprofen-80mg-tablet,195,10.0,6,78,2028-09-09,50,Room Temperature,0
MED0454,Tramadol + Paracetamol Injection,Analgesics & Antipyretics,Cadila Pharma,standard clinical packaging,Tramadol + Paracetamol,65.0,Vital,Stable_All_Season,Apollo Pharmacy & Netmeds Public Directories,https://www.apollopharmacy.in/search-medicines/tramadol-+-paracetamol-in,129,16.2,4,87,2028-07-11,10,Cold Chain (2-8C),0
MED0455,Morphine Sulphate 10mg Tablet,Analgesics & Antipyretics,Cipla Ltd,standard clinical packaging,Morphine Sulphate 10mg,120.0,Vital,Stable_All_Season,Apollo Pharmacy & Netmeds Public Directories,https://www.apollopharmacy.in/search-medicines/morphine-sulphate-10mg-ta,239,8.0,3,40,2027-05-18,50,Room Temperature,0
MED0456,Fentanyl 25mcg/hr Transdermal Patch,Analgesics & Antipyretics,Janssen Biotech,standard clinical packaging,Fentanyl 25mcg/hr Transdermal Patch,450.0,Vital,Stable_All_Season,Apollo Pharmacy & Netmeds Public Directories,https://www.apollopharmacy.in/search-medicines/fentanyl-25mcg/hr-transde,283,20.9,4,101,2028-03-13,50,Room Temperature,0
MED0457,Buprenorphine 5mcg Transdermal Patch,Analgesics & Antipyretics,Rusan Pharma,standard clinical packaging,Buprenorphine 5mcg Transdermal Patch,320.0,Vital,Stable_All_Season,Apollo Pharmacy & Netmeds Public Directories,https://www.apollopharmacy.in/search-medicines/buprenorphine-5mcg-transd,351,13.6,5,112,2028-11-08,20,Room Temperature,0
MED0458,Tapentadol 50mg Tablet,Analgesics & Antipyretics,Sun Pharma,standard clinical packaging,Tapentadol 50mg,110.0,Vital,Stable_All_Season,Apollo Pharmacy & Netmeds Public Directories,https://www.apollopharmacy.in/search-medicines/tapentadol-50mg-tablet,119,13.9,4,85,2029-01-07,50,Room Temperature,0
MED0459,Tapentadol 100mg SR Tablet,Analgesics & Antipyretics,Aristo Pharma,standard clinical packaging,Tapentadol 100mg SR,195.0,Vital,Stable_All_Season,Apollo Pharmacy & Netmeds Public Directories,https://www.apollopharmacy.in/search-medicines/tapentadol-100mg-sr-table,55,16.1,2,45,2028-06-11,10,Room Temperature,0
MED0460,Aceclofenac + Paracetamol + Serratiopeptidase,Analgesics & Antipyretics,Alkem Labs,standard clinical packaging,Aceclofenac + Paracetamol + Serratiopeptidase,115.0,Essential,Stable_All_Season,Apollo Pharmacy & Netmeds Public Directories,https://www.apollopharmacy.in/search-medicines/aceclofenac-+-paracetamol,11,19.1,5,142,2028-03-13,20,Room Temperature,1
MED0461,Diclofenac + Paracetamol + Chlorzoxazone,Analgesics & Antipyretics,Torrent Pharma,standard clinical packaging,Diclofenac + Paracetamol + Chlorzoxazone,85.0,Essential,Stable_All_Season,Apollo Pharmacy & Netmeds Public Directories,https://www.apollopharmacy.in/search-medicines/diclofenac-+-paracetamol-,62,23.3,5,189,2028-01-13,20,Room Temperature,1
MED0462,Ibuprofen + Paracetamol (Combiflam Plus),Analgesics & Antipyretics,Sanofi India,standard clinical packaging,Ibuprofen + Paracetamol (Combiflam Plus),42.0,Essential,Stable_All_Season,Apollo Pharmacy & Netmeds Public Directories,https://www.apollopharmacy.in/search-medicines/ibuprofen-+-paracetamol-(,172,14.7,6,99,2027-03-19,50,Room Temperature,0
MED0463,Mefenamic Acid + Dicyclomine (Meftal Spas),Analgesics & Antipyretics,Blue Cross Labs,standard clinical packaging,Mefenamic Acid + Dicyclomine (Meftal Spas),48.0,Essential,Stable_All_Season,Apollo Pharmacy & Netmeds Public Directories,https://www.apollopharmacy.in/search-medicines/mefenamic-acid-+-dicyclom,1132,12.2,12,188,2027-01-18,20,Room Temperature,0
MED0464,Drotaverine + Aceclofenac Tablet,Analgesics & Antipyretics,Sun Pharma,standard clinical packaging,Drotaverine + Aceclofenac,92.0,Essential,High_Monsoon,Apollo Pharmacy & Netmeds Public Directories,https://www.apollopharmacy.in/search-medicines/drotaverine-+-aceclofenac,29,17.8,6,148,2028-05-12,30,Room Temperature,1
MED0465,Thiocolchicoside 4mg Capsule,Analgesics & Antipyretics,Cipla Ltd,standard clinical packaging,Thiocolchicoside 4mg,160.0,Essential,Stable_All_Season,Apollo Pharmacy & Netmeds Public Directories,https://www.apollopharmacy.in/search-medicines/thiocolchicoside-4mg-caps,148,9.0,7,70,2029-04-07,50,Room Temperature,0
MED0466,Thiocolchicoside + Aceclofenac 4/100,Analgesics & Antipyretics,Mankind Pharma,standard clinical packaging,Thiocolchicoside + Aceclofenac 4/100,175.0,Essential,Stable_All_Season,Apollo Pharmacy & Netmeds Public Directories,https://www.apollopharmacy.in/search-medicines/thiocolchicoside-+-aceclo,253,5.8,8,67,2027-04-18,20,Room Temperature,0
MED0467,Paracetamol 1000mg Infusion (Perfalgan),Analgesics & Antipyretics,Bristol-Myers Squibb,standard clinical packaging,Paracetamol 1000mg Infusion (Perfalgan),240.0,Vital,High_Monsoon,Apollo Pharmacy & Netmeds Public Directories,https://www.apollopharmacy.in/search-medicines/paracetamol-1000mg-infusi,144,19.9,3,75,2028-09-09,10,Room Temperature,0
MED0468,Aspirin 300mg Soluble Tablet,Analgesics & Antipyretics,Bayer India,standard clinical packaging,Aspirin 300mg Soluble,25.0,Vital,Stable_All_Season,Apollo Pharmacy & Netmeds Public Directories,https://www.apollopharmacy.in/search-medicines/aspirin-300mg-soluble-tab,673,22.5,6,174,2027-02-17,100,Room Temperature,0
MED0469,Ketoprofen 100mg Capsule,Analgesics & Antipyretics,Sun Pharma,standard clinical packaging,Ketoprofen 100mg,65.0,Desirable,Stable_All_Season,Apollo Pharmacy & Netmeds Public Directories,https://www.apollopharmacy.in/search-medicines/ketoprofen-100mg-capsule,155,11.2,4,69,2028-02-12,10,Room Temperature,0
MED0470,Flupirtine Maleate 100mg Capsule,Analgesics & Antipyretics,Lupin Ltd,standard clinical packaging,Flupirtine Maleate 100mg,135.0,Desirable,Stable_All_Season,Apollo Pharmacy & Netmeds Public Directories,https://www.apollopharmacy.in/search-medicines/flupirtine-maleate-100mg-,208,18.4,5,150,2028-12-08,50,Room Temperature,0
MED0471,Tramadol 100mg SR Tablet,Analgesics & Antipyretics,Cipla Ltd,standard clinical packaging,Tramadol 100mg SR,130.0,Vital,Stable_All_Season,Apollo Pharmacy & Netmeds Public Directories,https://www.apollopharmacy.in/search-medicines/tramadol-100mg-sr-tablet,68,12.0,6,127,2028-04-12,20,Room Temperature,1
MED0472,Meloxicam 15mg Tablet,Analgesics & Antipyretics,Torrent Pharma,standard clinical packaging,Meloxicam 15mg,75.0,Essential,Stable_All_Season,Apollo Pharmacy & Netmeds Public Directories,https://www.apollopharmacy.in/search-medicines/meloxicam-15mg-tablet,21,14.1,5,80,2028-04-12,10,Room Temperature,1
MED0473,Naproxen + Domperidone 500/10,Analgesics & Antipyretics,Sun Pharma,standard clinical packaging,Naproxen + Domperidone 500/10,105.0,Essential,Stable_All_Season,Apollo Pharmacy & Netmeds Public Directories,https://www.apollopharmacy.in/search-medicines/naproxen-+-domperidone-50,177,11.4,7,108,2028-09-09,20,Room Temperature,0
MED0474,Etoricoxib 60mg Tablet,Analgesics & Antipyretics,Dr. Reddy's,standard clinical packaging,Etoricoxib 60mg,95.0,Essential,High_Winter,Apollo Pharmacy & Netmeds Public Directories,https://www.apollopharmacy.in/search-medicines/etoricoxib-60mg-tablet,35,24.7,10,336,2027-07-17,20,Room Temperature,1
MED0475,Etoricoxib 120mg Tablet,Analgesics & Antipyretics,Glenmark Pharma,standard clinical packaging,Etoricoxib 120mg,145.0,Essential,High_Winter,Apollo Pharmacy & Netmeds Public Directories,https://www.apollopharmacy.in/search-medicines/etoricoxib-120mg-tablet,149,12.6,5,73,2027-03-19,10,Room Temperature,0
MED0476,Aceclofenac 200mg SR Tablet,Analgesics & Antipyretics,Aristo Pharma,standard clinical packaging,Aceclofenac 200mg SR,85.0,Essential,Stable_All_Season,Apollo Pharmacy & Netmeds Public Directories,https://www.apollopharmacy.in/search-medicines/aceclofenac-200mg-sr-tabl,147,12.0,5,80,2028-07-11,30,Room Temperature,0
MED0477,Diclofenac Potassium 50mg Tablet,Analgesics & Antipyretics,Novartis India,standard clinical packaging,Diclofenac Potassium 50mg,38.0,Essential,Stable_All_Season,Apollo Pharmacy & Netmeds Public Directories,https://www.apollopharmacy.in/search-medicines/diclofenac-potassium-50mg,86,35.1,5,219,2028-10-09,20,Room Temperature,1
MED0478,Paracetamol Drops 100mg/ml,Analgesics & Antipyretics,Micro Labs,standard clinical packaging,Paracetamol Drops 100mg/ml,35.0,Vital,High_Monsoon,Apollo Pharmacy & Netmeds Public Directories,https://www.apollopharmacy.in/search-medicines/paracetamol-drops-100mg/m,138,14.6,3,61,2027-04-18,30,Room Temperature,0
MED0479,Olmesartan Medoxomil 20mg,Cardiovascular & Antihypertensives,Glenmark Pharma,standard clinical packaging,Olmesartan Medoxomil 20mg,95.0,Vital,High_Winter,Apollo Pharmacy & Netmeds Public Directories,https://www.apollopharmacy.in/search-medicines/olmesartan-medoxomil-20mg,9,6.7,3,35,2027-03-19,50,Room Temperature,1
MED0480,Olmesartan Medoxomil 40mg,Cardiovascular & Antihypertensives,Glenmark Pharma,standard clinical packaging,Olmesartan Medoxomil 40mg,165.0,Vital,High_Winter,Apollo Pharmacy & Netmeds Public Directories,https://www.apollopharmacy.in/search-medicines/olmesartan-medoxomil-40mg,2,13.9,7,161,2027-03-19,10,Room Temperature,1
MED0481,Cilnidipine 10mg Tablet,Cardiovascular & Antihypertensives,J.B. Chemicals,standard clinical packaging,Cilnidipine 10mg,85.0,Vital,Stable_All_Season,Apollo Pharmacy & Netmeds Public Directories,https://www.apollopharmacy.in/search-medicines/cilnidipine-10mg-tablet,26,13.0,2,47,2027-08-16,10,Room Temperature,1
MED0482,Cilnidipine 20mg Tablet,Cardiovascular & Antihypertensives,J.B. Chemicals,standard clinical packaging,Cilnidipine 20mg,145.0,Vital,Stable_All_Season,Apollo Pharmacy & Netmeds Public Directories,https://www.apollopharmacy.in/search-medicines/cilnidipine-20mg-tablet,200,13.8,6,108,2027-01-18,20,Room Temperature,0
MED0483,Nebivolol 2.5mg Tablet,Cardiovascular & Antihypertensives,Torrent Pharma,standard clinical packaging,Nebivolol 2.5mg,75.0,Essential,Stable_All_Season,Apollo Pharmacy & Netmeds Public Directories,https://www.apollopharmacy.in/search-medicines/nebivolol-2.5mg-tablet,221,17.3,6,176,2028-08-10,10,Room Temperature,0
MED0484,Carvedilol 3.125mg Tablet,Cardiovascular & Antihypertensives,Sun Pharma,standard clinical packaging,Carvedilol 3.125mg,45.0,Vital,High_Winter,Apollo Pharmacy & Netmeds Public Directories,https://www.apollopharmacy.in/search-medicines/carvedilol-3.125mg-tablet,97,20.1,6,136,2029-03-08,50,Room Temperature,1
MED0485,Carvedilol 6.25mg Tablet,Cardiovascular & Antihypertensives,Sun Pharma,standard clinical packaging,Carvedilol 6.25mg,68.0,Vital,High_Winter,Apollo Pharmacy & Netmeds Public Directories,https://www.apollopharmacy.in/search-medicines/carvedilol-6.25mg-tablet,73,12.0,6,110,2028-06-11,20,Room Temperature,1
MED0486,Carvedilol 12.5mg Tablet,Cardiovascular & Antihypertensives,Sun Pharma,standard clinical packaging,Carvedilol 12.5mg,110.0,Vital,High_Winter,Apollo Pharmacy & Netmeds Public Directories,https://www.apollopharmacy.in/search-medicines/carvedilol-12.5mg-tablet,0,15.8,5,120,2028-03-13,30,Room Temperature,1
MED0487,Carvedilol 25mg Tablet,Cardiovascular & Antihypertensives,Sun Pharma,standard clinical packaging,Carvedilol 25mg,175.0,Vital,High_Winter,Apollo Pharmacy & Netmeds Public Directories,https://www.apollopharmacy.in/search-medicines/carvedilol-25mg-tablet,30,12.9,3,43,2027-09-15,20,Room Temperature,1
MED0488,Torsemide 10mg Tablet,Cardiovascular & Antihypertensives,Lupin Ltd,standard clinical packaging,Torsemide 10mg,65.0,Essential,High_Summer,Apollo Pharmacy & Netmeds Public Directories,https://www.apollopharmacy.in/search-medicines/torsemide-10mg-tablet,10,7.2,4,44,2027-10-15,50,Room Temperature,1
MED0489,Torsemide 20mg Tablet,Cardiovascular & Antihypertensives,Lupin Ltd,standard clinical packaging,Torsemide 20mg,115.0,Essential,High_Summer,Apollo Pharmacy & Netmeds Public Directories,https://www.apollopharmacy.in/search-medicines/torsemide-20mg-tablet,2,14.5,6,121,2029-01-07,10,Room Temperature,1
MED0490,Furosemide 40mg Tablet (Lasix),Cardiovascular & Antihypertensives,Sanofi India,standard clinical packaging,Furosemide 40mg,18.0,Vital,High_Summer,Apollo Pharmacy & Netmeds Public Directories,https://www.apollopharmacy.in/search-medicines/furosemide-40mg-tablet-(l,67,6.3,3,25,2028-01-13,30,Room Temperature,0
MED0491,Spironolactone + Torsemide 50/10,Cardiovascular & Antihypertensives,Torrent Pharma,standard clinical packaging,Spironolactone + Torsemide 50/10,125.0,Vital,High_Summer,Apollo Pharmacy & Netmeds Public Directories,https://www.apollopharmacy.in/search-medicines/spironolactone-+-torsemid,166,24.0,4,139,2028-01-13,10,Room Temperature,0
MED0492,Sacubitril + Valsartan 50mg,Cardiovascular & Antihypertensives,Novartis India,standard clinical packaging,Sacubitril + Valsartan 50mg,450.0,Vital,High_Winter,Apollo Pharmacy & Netmeds Public Directories,https://www.apollopharmacy.in/search-medicines/sacubitril-+-valsartan-50,358,9.7,5,63,2028-03-13,20,Room Temperature,0
MED0493,Sacubitril + Valsartan 100mg,Cardiovascular & Antihypertensives,Novartis India,standard clinical packaging,Sacubitril + Valsartan 100mg,720.0,Vital,High_Winter,Apollo Pharmacy & Netmeds Public Directories,https://www.apollopharmacy.in/search-medicines/sacubitril-+-valsartan-10,40,14.9,5,131,2027-12-14,20,Room Temperature,1
MED0494,Ticagrelor 90mg Tablet (Brilinta),Cardiovascular & Antihypertensives,AstraZeneca,standard clinical packaging,Ticagrelor 90mg,420.0,Vital,High_Winter,Apollo Pharmacy & Netmeds Public Directories,https://www.apollopharmacy.in/search-medicines/ticagrelor-90mg-tablet-(b,77,17.8,2,57,2027-12-14,20,Room Temperature,0
MED0495,Prasugrel 10mg Tablet,Cardiovascular & Antihypertensives,Torrent Pharma,standard clinical packaging,Prasugrel 10mg,210.0,Vital,High_Winter,Apollo Pharmacy & Netmeds Public Directories,https://www.apollopharmacy.in/search-medicines/prasugrel-10mg-tablet,52,19.8,2,67,2027-01-18,50,Room Temperature,0
MED0496,Digoxin 0.25mg Tablet,Cardiovascular & Antihypertensives,GlaxoSmithKline,standard clinical packaging,Digoxin 0.25mg,22.0,Vital,Stable_All_Season,Apollo Pharmacy & Netmeds Public Directories,https://www.apollopharmacy.in/search-medicines/digoxin-0.25mg-tablet,16,5.5,7,43,2029-03-08,20,Room Temperature,1
MED0497,Amiodarone 100mg Tablet,Cardiovascular & Antihypertensives,Sun Pharma,standard clinical packaging,Amiodarone 100mg,85.0,Vital,Stable_All_Season,Apollo Pharmacy & Netmeds Public Directories,https://www.apollopharmacy.in/search-medicines/amiodarone-100mg-tablet,302,15.9,6,169,2027-08-16,20,Room Temperature,0
MED0498,Amiodarone 200mg Tablet,Cardiovascular & Antihypertensives,Sun Pharma,standard clinical packaging,Amiodarone 200mg,145.0,Vital,Stable_All_Season,Apollo Pharmacy & Netmeds Public Directories,https://www.apollopharmacy.in/search-medicines/amiodarone-200mg-tablet,50,5.0,2,13,2027-10-15,10,Room Temperature,0
MED0499,Sotalol 40mg Tablet,Cardiovascular & Antihypertensives,Cipla Ltd,standard clinical packaging,Sotalol 40mg,95.0,Essential,Stable_All_Season,Apollo Pharmacy & Netmeds Public Directories,https://www.apollopharmacy.in/search-medicines/sotalol-40mg-tablet,190,20.4,8,293,2026-12-19,20,Room Temperature,1
MED0500,Ivabradine 5mg Tablet,Cardiovascular & Antihypertensives,Lupin Ltd,standard clinical packaging,Ivabradine 5mg,165.0,Vital,Stable_All_Season,Apollo Pharmacy & Netmeds Public Directories,https://www.apollopharmacy.in/search-medicines/ivabradine-5mg-tablet,267,17.5,5,119,2027-04-18,30,Room Temperature,0
MED0501,Ranolazine 500mg SR Tablet,Cardiovascular & Antihypertensives,Micro Labs,standard clinical packaging,Ranolazine 500mg SR,140.0,Essential,High_Winter,Apollo Pharmacy & Netmeds Public Directories,https://www.apollopharmacy.in/search-medicines/ranolazine-500mg-sr-table,172,10.3,8,115,2029-02-06,100,Room Temperature,0
MED0502,Nicorandil 5mg Tablet,Cardiovascular & Antihypertensives,Torrent Pharma,standard clinical packaging,Nicorandil 5mg,95.0,Vital,High_Winter,Apollo Pharmacy & Netmeds Public Directories,https://www.apollopharmacy.in/search-medicines/nicorandil-5mg-tablet,170,19.9,3,89,2028-06-11,20,Room Temperature,0
MED0503,Isosorbide Mononitrate 30mg SR,Cardiovascular & Antihypertensives,Abbott India,standard clinical packaging,Isosorbide Mononitrate 30mg SR,75.0,Vital,High_Winter,Apollo Pharmacy & Netmeds Public Directories,https://www.apollopharmacy.in/search-medicines/isosorbide-mononitrate-30,16,10.3,2,24,2028-10-09,20,Room Temperature,1
MED0504,Isosorbide Dinitrate 10mg Sublingual,Cardiovascular & Antihypertensives,Sun Pharma,standard clinical packaging,Isosorbide Dinitrate 10mg Sublingual,35.0,Vital,High_Winter,Apollo Pharmacy & Netmeds Public Directories,https://www.apollopharmacy.in/search-medicines/isosorbide-dinitrate-10mg,143,24.6,3,113,2027-07-17,50,Room Temperature,0
MED0505,Nitroglycerin 2.6mg CR (Sorbitrate),Cardiovascular & Antihypertensives,Abbott India,standard clinical packaging,Nitroglycerin 2.6mg CR (Sorbitrate),85.0,Vital,High_Winter,Apollo Pharmacy & Netmeds Public Directories,https://www.apollopharmacy.in/search-medicines/nitroglycerin-2.6mg-cr-(s,133,10.4,5,74,2029-01-07,10,Room Temperature,0
MED0506,Doxazosin 2mg Tablet,Cardiovascular & Antihypertensives,Pfizer India,standard clinical packaging,Doxazosin 2mg,110.0,Essential,Stable_All_Season,Apollo Pharmacy & Netmeds Public Directories,https://www.apollopharmacy.in/search-medicines/doxazosin-2mg-tablet,432,8.8,7,82,2027-10-15,30,Room Temperature,0
MED0507,Prazosin 2.5mg Tablet,Cardiovascular & Antihypertensives,Pfizer India,standard clinical packaging,Prazosin 2.5mg,95.0,Essential,High_Winter,Apollo Pharmacy & Netmeds Public Directories,https://www.apollopharmacy.in/search-medicines/prazosin-2.5mg-tablet,371,9.8,6,97,2027-10-15,20,Room Temperature,0
MED0508,Clonidine 100mcg Tablet,Cardiovascular & Antihypertensives,Unichem Labs,standard clinical packaging,Clonidine 100mcg,35.0,Vital,Stable_All_Season,Apollo Pharmacy & Netmeds Public Directories,https://www.apollopharmacy.in/search-medicines/clonidine-100mcg-tablet,459,10.9,5,98,2029-05-07,20,Room Temperature,0
MED0509,Methyldopa 250mg Tablet,Cardiovascular & Antihypertensives,Jagsonpal Pharma,standard clinical packaging,Methyldopa 250mg,48.0,Vital,Stable_All_Season,Apollo Pharmacy & Netmeds Public Directories,https://www.apollopharmacy.in/search-medicines/methyldopa-250mg-tablet,38,3.9,4,21,2028-09-09,30,Room Temperature,0
MED0510,Fenofibrate 145mg Tablet,Cardiovascular & Antihypertensives,Dr. Reddy's,standard clinical packaging,Fenofibrate 145mg,165.0,Essential,Stable_All_Season,Apollo Pharmacy & Netmeds Public Directories,https://www.apollopharmacy.in/search-medicines/fenofibrate-145mg-tablet,70,7.7,4,40,2028-05-12,20,Room Temperature,0
MED0511,Gemfibrozil 600mg Tablet,Cardiovascular & Antihypertensives,Cipla Ltd,standard clinical packaging,Gemfibrozil 600mg,135.0,Desirable,Stable_All_Season,Apollo Pharmacy & Netmeds Public Directories,https://www.apollopharmacy.in/search-medicines/gemfibrozil-600mg-tablet,17,12.7,7,100,2028-09-09,30,Room Temperature,1
MED0512,Ezetimibe 10mg Tablet,Cardiovascular & Antihypertensives,Sun Pharma,standard clinical packaging,Ezetimibe 10mg,120.0,Essential,Stable_All_Season,Apollo Pharmacy & Netmeds Public Directories,https://www.apollopharmacy.in/search-medicines/ezetimibe-10mg-tablet,239,16.4,5,136,2029-02-06,20,Room Temperature,0
MED0513,Atorvastatin + Ezetimibe 10/10,Cardiovascular & Antihypertensives,Torrent Pharma,standard clinical packaging,Atorvastatin + Ezetimibe 10/10,185.0,Vital,Stable_All_Season,Apollo Pharmacy & Netmeds Public Directories,https://www.apollopharmacy.in/search-medicines/atorvastatin-+-ezetimibe-,224,11.8,7,123,2027-03-19,50,Room Temperature,0
MED0514,Rosuvastatin + Fenofibrate 10/145,Cardiovascular & Antihypertensives,Glenmark Pharma,standard clinical packaging,Rosuvastatin + Fenofibrate 10/145,240.0,Vital,Stable_All_Season,Apollo Pharmacy & Netmeds Public Directories,https://www.apollopharmacy.in/search-medicines/rosuvastatin-+-fenofibrat,29,13.2,2,38,2029-05-07,30,Room Temperature,0
MED0515,Warfarin 5mg Tablet,Cardiovascular & Antihypertensives,Cipla Ltd,standard clinical packaging,Warfarin 5mg,65.0,Vital,Stable_All_Season,Apollo Pharmacy & Netmeds Public Directories,https://www.apollopharmacy.in/search-medicines/warfarin-5mg-tablet,86,20.2,5,134,2029-01-07,100,Room Temperature,1
MED0516,Acenocoumarol 2mg Tablet (Acitrom),Cardiovascular & Antihypertensives,Abbott India,standard clinical packaging,Acenocoumarol 2mg,145.0,Vital,Stable_All_Season,Apollo Pharmacy & Netmeds Public Directories,https://www.apollopharmacy.in/search-medicines/acenocoumarol-2mg-tablet-,35,10.0,4,70,2026-12-19,30,Room Temperature,1
MED0517,Dabigatran 110mg Capsule (Pradaxa),Cardiovascular & Antihypertensives,Boehringer Ingelheim,standard clinical packaging,Dabigatran 110mg,780.0,Vital,Stable_All_Season,Apollo Pharmacy & Netmeds Public Directories,https://www.apollopharmacy.in/search-medicines/dabigatran-110mg-capsule-,26,8.3,3,43,2029-04-07,10,Room Temperature,0
MED0518,Apixaban 5mg Tablet (Eliquis),Cardiovascular & Antihypertensives,Pfizer India,standard clinical packaging,Apixaban 5mg,820.0,Vital,Stable_All_Season,Apollo Pharmacy & Netmeds Public Directories,https://www.apollopharmacy.in/search-medicines/apixaban-5mg-tablet-(eliq,180,24.8,2,75,2027-11-14,50,Room Temperature,0
MED0519,Rivaroxaban 15mg Tablet (Xarelto),Cardiovascular & Antihypertensives,Bayer India,standard clinical packaging,Rivaroxaban 15mg,890.0,Vital,Stable_All_Season,Apollo Pharmacy & Netmeds Public Directories,https://www.apollopharmacy.in/search-medicines/rivaroxaban-15mg-tablet-(,72,7.1,6,72,2028-04-12,20,Room Temperature,0
MED0520,Linagliptin 5mg Tablet (Trajenta),Antidiabetics,Boehringer Ingelheim,standard clinical packaging,Linagliptin 5mg,480.0,Vital,Stable_All_Season,Apollo Pharmacy & Netmeds Public Directories,https://www.apollopharmacy.in/search-medicines/linagliptin-5mg-tablet-(t,34,12.9,4,72,2028-01-13,100,Room Temperature,1
MED0521,Canagliflozin 100mg Tablet (Invokana),Antidiabetics,Janssen Biotech,standard clinical packaging,Canagliflozin 100mg,520.0,Vital,High_Summer,Apollo Pharmacy & Netmeds Public Directories,https://www.apollopharmacy.in/search-medicines/canagliflozin-100mg-table,221,17.2,4,77,2027-04-18,50,Room Temperature,0
MED0522,Repaglinide 1mg Tablet,Antidiabetics,Torrent Pharma,standard clinical packaging,Repaglinide 1mg,85.0,Essential,Stable_All_Season,Apollo Pharmacy & Netmeds Public Directories,https://www.apollopharmacy.in/search-medicines/repaglinide-1mg-tablet,37,3.9,3,14,2029-04-07,30,Room Temperature,0
MED0523,Repaglinide 2mg Tablet,Antidiabetics,Torrent Pharma,standard clinical packaging,Repaglinide 2mg,145.0,Essential,Stable_All_Season,Apollo Pharmacy & Netmeds Public Directories,https://www.apollopharmacy.in/search-medicines/repaglinide-2mg-tablet,126,14.7,12,303,2029-01-07,20,Room Temperature,1
MED0524,Nateglinide 60mg Tablet,Antidiabetics,Novartis India,standard clinical packaging,Nateglinide 60mg,110.0,Essential,Stable_All_Season,Apollo Pharmacy & Netmeds Public Directories,https://www.apollopharmacy.in/search-medicines/nateglinide-60mg-tablet,434,22.0,6,234,2028-02-12,10,Room Temperature,0
MED0525,Pioglitazone 30mg Tablet,Antidiabetics,Sun Pharma,standard clinical packaging,Pioglitazone 30mg,75.0,Desirable,Stable_All_Season,Apollo Pharmacy & Netmeds Public Directories,https://www.apollopharmacy.in/search-medicines/pioglitazone-30mg-tablet,262,23.9,3,126,2028-11-08,50,Room Temperature,0
MED0526,Pioglitazone + Metformin 15/500,Antidiabetics,Cipla Ltd,standard clinical packaging,Pioglitazone + Metformin 15/500,95.0,Essential,Stable_All_Season,Apollo Pharmacy & Netmeds Public Directories,https://www.apollopharmacy.in/search-medicines/pioglitazone-+-metformin-,296,14.1,4,64,2027-04-18,30,Room Temperature,0
MED0527,Acarbose 50mg Tablet (Glucobay),Antidiabetics,Bayer India,standard clinical packaging,Acarbose 50mg,115.0,Essential,Stable_All_Season,Apollo Pharmacy & Netmeds Public Directories,https://www.apollopharmacy.in/search-medicines/acarbose-50mg-tablet-(glu,185,14.7,5,115,2029-03-08,10,Room Temperature,0
MED0528,Voglibose 0.2mg Mouth Dissolving,Antidiabetics,Micro Labs,standard clinical packaging,Voglibose 0.2mg Mouth Dissolving,78.0,Essential,Stable_All_Season,Apollo Pharmacy & Netmeds Public Directories,https://www.apollopharmacy.in/search-medicines/voglibose-0.2mg-mouth-dis,220,22.8,3,123,2029-01-07,10,Room Temperature,0
MED0529,Dapagliflozin + Metformin 10/500,Antidiabetics,AstraZeneca,standard clinical packaging,Dapagliflozin + Metformin 10/500,240.0,Vital,High_Summer,Apollo Pharmacy & Netmeds Public Directories,https://www.apollopharmacy.in/search-medicines/dapagliflozin-+-metformin,90,6.5,4,32,2028-05-12,10,Room Temperature,0
MED0530,Dapagliflozin + Metformin 10/1000,Antidiabetics,AstraZeneca,standard clinical packaging,Dapagliflozin + Metformin 10/1000,280.0,Vital,High_Summer,Apollo Pharmacy & Netmeds Public Directories,https://www.apollopharmacy.in/search-medicines/dapagliflozin-+-metformin,57,15.2,3,61,2027-02-17,30,Room Temperature,0
MED0531,Empagliflozin + Linagliptin 10/5,Antidiabetics,Boehringer Ingelheim,standard clinical packaging,Empagliflozin + Linagliptin 10/5,650.0,Vital,High_Summer,Apollo Pharmacy & Netmeds Public Directories,https://www.apollopharmacy.in/search-medicines/empagliflozin-+-linaglipt,287,10.3,5,74,2027-10-15,30,Room Temperature,0
MED0532,Sitagliptin + Metformin 50/500,Antidiabetics,MSD Pharmaceuticals,standard clinical packaging,Sitagliptin + Metformin 50/500,290.0,Vital,Stable_All_Season,Apollo Pharmacy & Netmeds Public Directories,https://www.apollopharmacy.in/search-medicines/sitagliptin-+-metformin-5,72,18.1,4,122,2029-04-07,50,Room Temperature,1
MED0533,Teneligliptin + Metformin 20/500,Antidiabetics,Mankind Pharma,standard clinical packaging,Teneligliptin + Metformin 20/500,135.0,Essential,Stable_All_Season,Apollo Pharmacy & Netmeds Public Directories,https://www.apollopharmacy.in/search-medicines/teneligliptin-+-metformin,189,6.9,7,69,2029-05-07,30,Room Temperature,0
MED0534,Vildagliptin + Metformin 50/1000,Antidiabetics,Novartis India,standard clinical packaging,Vildagliptin + Metformin 50/1000,225.0,Vital,Stable_All_Season,Apollo Pharmacy & Netmeds Public Directories,https://www.apollopharmacy.in/search-medicines/vildagliptin-+-metformin-,383,14.0,5,105,2028-08-10,20,Room Temperature,0
MED0535,Insulin Lispro 100IU/ml Humalog,Antidiabetics,Eli Lilly,standard clinical packaging,Insulin Lispro 100IU/ml Humalog,540.0,Vital,High_Summer,Apollo Pharmacy & Netmeds Public Directories,https://www.apollopharmacy.in/search-medicines/insulin-lispro-100iu/ml-h,47,17.0,4,119,2028-02-12,20,Cold Chain (2-8C),1
MED0536,Insulin Aspart 100IU/ml NovoRapid,Antidiabetics,Novo Nordisk,standard clinical packaging,Insulin Aspart 100IU/ml NovoRapid,560.0,Vital,High_Summer,Apollo Pharmacy & Netmeds Public Directories,https://www.apollopharmacy.in/search-medicines/insulin-aspart-100iu/ml-n,19,6.8,4,34,2027-07-17,30,Cold Chain (2-8C),1
MED0537,Insulin Degludec 100IU/ml Tresiba,Antidiabetics,Novo Nordisk,standard clinical packaging,Insulin Degludec 100IU/ml Tresiba,890.0,Vital,High_Summer,Apollo Pharmacy & Netmeds Public Directories,https://www.apollopharmacy.in/search-medicines/insulin-degludec-100iu/ml,154,10.7,5,74,2027-07-17,10,Cold Chain (2-8C),0
MED0538,Insulin Detemir 100IU/ml Levemir,Antidiabetics,Novo Nordisk,standard clinical packaging,Insulin Detemir 100IU/ml Levemir,620.0,Vital,High_Summer,Apollo Pharmacy & Netmeds Public Directories,https://www.apollopharmacy.in/search-medicines/insulin-detemir-100iu/ml-,46,10.0,4,61,2028-12-08,20,Cold Chain (2-8C),0
MED0539,Human Regular Insulin 100IU Actrapid,Antidiabetics,Novo Nordisk,standard clinical packaging,Human Regular Insulin 100IU Actrapid,165.0,Vital,High_Summer,Apollo Pharmacy & Netmeds Public Directories,https://www.apollopharmacy.in/search-medicines/human-regular-insulin-100,68,9.6,3,34,2028-08-10,10,Cold Chain (2-8C),0
MED0540,Human NPH Insulin 100IU Insulatard,Antidiabetics,Novo Nordisk,standard clinical packaging,Human NPH Insulin 100IU Insulatard,175.0,Vital,High_Summer,Apollo Pharmacy & Netmeds Public Directories,https://www.apollopharmacy.in/search-medicines/human-nph-insulin-100iu-i,15,12.2,3,43,2026-12-19,20,Cold Chain (2-8C),1
MED0541,Dulaglutide 1.5mg Pen (Trulicity),Antidiabetics,Eli Lilly,standard clinical packaging,Dulaglutide 1.5mg Pen (Trulicity),2450.0,Vital,Stable_All_Season,Apollo Pharmacy & Netmeds Public Directories,https://www.apollopharmacy.in/search-medicines/dulaglutide-1.5mg-pen-(tr,51,11.7,4,78,2028-03-13,20,Room Temperature,0
MED0542,Semaglutide 3mg Oral Tablet (Rybelsus),Antidiabetics,Novo Nordisk,standard clinical packaging,Semaglutide 3mg Oral,3150.0,Vital,Stable_All_Season,Apollo Pharmacy & Netmeds Public Directories,https://www.apollopharmacy.in/search-medicines/semaglutide-3mg-oral-tabl,61,17.0,3,63,2028-05-12,30,Room Temperature,0
MED0543,Semaglutide 7mg Oral Tablet,Antidiabetics,Novo Nordisk,standard clinical packaging,Semaglutide 7mg Oral,3450.0,Vital,Stable_All_Season,Apollo Pharmacy & Netmeds Public Directories,https://www.apollopharmacy.in/search-medicines/semaglutide-7mg-oral-tabl,50,5.0,2,12,2029-05-07,10,Room Temperature,0
MED0544,Semaglutide 14mg Oral Tablet,Antidiabetics,Novo Nordisk,standard clinical packaging,Semaglutide 14mg Oral,3800.0,Vital,Stable_All_Season,Apollo Pharmacy & Netmeds Public Directories,https://www.apollopharmacy.in/search-medicines/semaglutide-14mg-oral-tab,336,23.5,4,129,2027-12-14,50,Room Temperature,0
MED0545,Glimepiride + Metformin + Pioglitazone,Antidiabetics,Sun Pharma,standard clinical packaging,Glimepiride + Metformin + Pioglitazone,145.0,Vital,Stable_All_Season,Apollo Pharmacy & Netmeds Public Directories,https://www.apollopharmacy.in/search-medicines/glimepiride-+-metformin-+,571,14.2,5,118,2029-04-07,50,Room Temperature,0
MED0546,Glimepiride + Metformin + Voglibose 2/500/0.2,Antidiabetics,Torrent Pharma,standard clinical packaging,Glimepiride + Metformin + Voglibose 2/500/0.2,160.0,Vital,Stable_All_Season,Apollo Pharmacy & Netmeds Public Directories,https://www.apollopharmacy.in/search-medicines/glimepiride-+-metformin-+,5,4.3,3,20,2027-08-16,20,Room Temperature,1
MED0547,Glibenclamide + Metformin 5/500,Antidiabetics,Sanofi India,standard clinical packaging,Glibenclamide + Metformin 5/500,45.0,Essential,Stable_All_Season,Apollo Pharmacy & Netmeds Public Directories,https://www.apollopharmacy.in/search-medicines/glibenclamide-+-metformin,172,8.7,10,98,2028-09-09,20,Room Temperature,0
MED0548,Glipizide + Metformin 5/500,Antidiabetics,Pfizer India,standard clinical packaging,Glipizide + Metformin 5/500,55.0,Essential,Stable_All_Season,Apollo Pharmacy & Netmeds Public Directories,https://www.apollopharmacy.in/search-medicines/glipizide-+-metformin-5/5,85,5.5,4,30,2027-04-18,20,Room Temperature,0
MED0549,Metformin 850mg Tablet,Antidiabetics,USV Pvt Ltd,standard clinical packaging,Metformin 850mg,38.0,Vital,Stable_All_Season,Apollo Pharmacy & Netmeds Public Directories,https://www.apollopharmacy.in/search-medicines/metformin-850mg-tablet,165,8.7,8,97,2028-10-09,30,Room Temperature,0
MED0550,Ilaprazole 10mg Tablet,Gastrointestinal,Ajanta Pharma,standard clinical packaging,Ilaprazole 10mg,125.0,Desirable,Stable_All_Season,Apollo Pharmacy & Netmeds Public Directories,https://www.apollopharmacy.in/search-medicines/ilaprazole-10mg-tablet,38,14.6,5,113,2029-03-08,20,Room Temperature,1
MED0551,Dexlansoprazole 30mg Tablet,Gastrointestinal,Sun Pharma,standard clinical packaging,Dexlansoprazole 30mg,165.0,Essential,High_Monsoon,Apollo Pharmacy & Netmeds Public Directories,https://www.apollopharmacy.in/search-medicines/dexlansoprazole-30mg-tabl,340,16.5,7,200,2028-04-12,50,Room Temperature,0
MED0552,Dexlansoprazole 60mg Tablet,Gastrointestinal,Sun Pharma,standard clinical packaging,Dexlansoprazole 60mg,240.0,Essential,High_Monsoon,Apollo Pharmacy & Netmeds Public Directories,https://www.apollopharmacy.in/search-medicines/dexlansoprazole-60mg-tabl,208,16.2,10,209,2028-05-12,50,Room Temperature,0
MED0553,Sucralfate + Oxetacaine Suspension,Gastrointestinal,Mankind Pharma,standard clinical packaging,Sucralfate + Oxetacaine Suspension,185.0,Essential,High_Summer,Apollo Pharmacy & Netmeds Public Directories,https://www.apollopharmacy.in/search-medicines/sucralfate-+-oxetacaine-s,842,22.1,7,186,2028-10-09,30,Room Temperature,0
MED0554,Magaldrate + Simethicone Suspension,Gastrointestinal,Cipla Ltd,standard clinical packaging,Magaldrate + Simethicone Suspension,110.0,Desirable,High_Summer,Apollo Pharmacy & Netmeds Public Directories,https://www.apollopharmacy.in/search-medicines/magaldrate-+-simethicone-,223,12.8,5,81,2029-03-08,20,Room Temperature,0
MED0555,Ursodeoxycholic Acid 150mg,Gastrointestinal,Abbott India,standard clinical packaging,Ursodeoxycholic Acid 150mg,220.0,Essential,Stable_All_Season,Apollo Pharmacy & Netmeds Public Directories,https://www.apollopharmacy.in/search-medicines/ursodeoxycholic-acid-150m,69,10.6,5,93,2028-03-13,50,Room Temperature,0
MED0556,Ursodeoxycholic Acid 300mg,Gastrointestinal,Abbott India,standard clinical packaging,Ursodeoxycholic Acid 300mg,390.0,Essential,Stable_All_Season,Apollo Pharmacy & Netmeds Public Directories,https://www.apollopharmacy.in/search-medicines/ursodeoxycholic-acid-300m,303,14.9,7,169,2027-03-19,30,Room Temperature,0
MED0557,S-Adenosyl Methionine 400mg,Gastrointestinal,Sun Pharma,standard clinical packaging,S-Adenosyl Methionine 400mg,580.0,Desirable,Stable_All_Season,Apollo Pharmacy & Netmeds Public Directories,https://www.apollopharmacy.in/search-medicines/s-adenosyl-methionine-400,363,16.2,8,177,2027-10-15,10,Room Temperature,0
MED0558,L-Ornithine L-Aspartate Sachet,Gastrointestinal,Sun Pharma,standard clinical packaging,L-Ornithine L-Aspartate Sachet,145.0,Essential,Stable_All_Season,Apollo Pharmacy & Netmeds Public Directories,https://www.apollopharmacy.in/search-medicines/l-ornithine-l-aspartate-s,218,14.6,5,105,2028-03-13,30,Room Temperature,0
MED0559,Silymarin 140mg Capsule,Gastrointestinal,Micro Labs,standard clinical packaging,Silymarin 140mg,120.0,Desirable,Stable_All_Season,Apollo Pharmacy & Netmeds Public Directories,https://www.apollopharmacy.in/search-medicines/silymarin-140mg-capsule,219,19.3,5,166,2028-10-09,30,Room Temperature,0
MED0560,Pancreatin 10000 IU Capsule (Creon),Gastrointestinal,Abbott India,standard clinical packaging,Pancreatin 10000 IU,360.0,Vital,Stable_All_Season,Apollo Pharmacy & Netmeds Public Directories,https://www.apollopharmacy.in/search-medicines/pancreatin-10000-iu-capsu,531,23.6,8,297,2027-07-17,30,Room Temperature,0
MED0561,Pancreatin 25000 IU Capsule,Gastrointestinal,Abbott India,standard clinical packaging,Pancreatin 25000 IU,680.0,Vital,Stable_All_Season,Apollo Pharmacy & Netmeds Public Directories,https://www.apollopharmacy.in/search-medicines/pancreatin-25000-iu-capsu,6,24.2,3,80,2026-12-19,20,Room Temperature,1
MED0562,Mebeverine 135mg Tablet,Gastrointestinal,Abbott India,standard clinical packaging,Mebeverine 135mg,165.0,Essential,High_Monsoon,Apollo Pharmacy & Netmeds Public Directories,https://www.apollopharmacy.in/search-medicines/mebeverine-135mg-tablet,120,11.2,4,55,2028-10-09,20,Room Temperature,0
MED0563,Mebeverine 200mg SR Capsule,Gastrointestinal,Abbott India,standard clinical packaging,Mebeverine 200mg SR,245.0,Essential,High_Monsoon,Apollo Pharmacy & Netmeds Public Directories,https://www.apollopharmacy.in/search-medicines/mebeverine-200mg-sr-capsu,274,14.6,6,150,2028-07-11,20,Room Temperature,0
MED0564,Pinaverium Bromide 50mg Tablet,Gastrointestinal,Solvay Pharma,standard clinical packaging,Pinaverium Bromide 50mg,180.0,Desirable,High_Monsoon,Apollo Pharmacy & Netmeds Public Directories,https://www.apollopharmacy.in/search-medicines/pinaverium-bromide-50mg-t,80,11.6,8,146,2028-03-13,10,Room Temperature,1
MED0565,Otilonium Bromide 40mg Tablet,Gastrointestinal,Menarini India,standard clinical packaging,Otilonium Bromide 40mg,150.0,Desirable,High_Monsoon,Apollo Pharmacy & Netmeds Public Directories,https://www.apollopharmacy.in/search-medicines/otilonium-bromide-40mg-ta,231,6.0,14,118,2028-03-13,50,Room Temperature,0
MED0566,Chlordiazepoxide + Clidinium Bromide,Gastrointestinal,Torrent Pharma,standard clinical packaging,Chlordiazepoxide + Clidinium Bromide,85.0,Essential,High_Monsoon,Apollo Pharmacy & Netmeds Public Directories,https://www.apollopharmacy.in/search-medicines/chlordiazepoxide-+-clidin,156,16.7,5,92,2028-09-09,50,Room Temperature,0
MED0567,Metoclopramide 10mg Tablet (Reglan),Gastrointestinal,Ipca Labs,standard clinical packaging,Metoclopramide 10mg,25.0,Essential,High_Monsoon,Apollo Pharmacy & Netmeds Public Directories,https://www.apollopharmacy.in/search-medicines/metoclopramide-10mg-table,115,20.4,5,163,2029-04-07,20,Room Temperature,0
MED0568,Granisetron 1mg Tablet,Gastrointestinal,Cipla Ltd,standard clinical packaging,Granisetron 1mg,65.0,Vital,High_Monsoon,Apollo Pharmacy & Netmeds Public Directories,https://www.apollopharmacy.in/search-medicines/granisetron-1mg-tablet,8,18.5,5,109,2027-05-18,10,Room Temperature,1
MED0569,Palonosetron 0.5mg Injection,Gastrointestinal,Dr. Reddy's,standard clinical packaging,Palonosetron 0.5mg,240.0,Vital,High_Monsoon,Apollo Pharmacy & Netmeds Public Directories,https://www.apollopharmacy.in/search-medicines/palonosetron-0.5mg-inject,91,10.6,2,30,2027-10-15,30,Room Temperature,0
MED0570,Aprepitant 125/80mg Pack,Gastrointestinal,Glenmark Pharma,standard clinical packaging,Aprepitant 125/80mg Pack,890.0,Vital,Stable_All_Season,Apollo Pharmacy & Netmeds Public Directories,https://www.apollopharmacy.in/search-medicines/aprepitant-125/80mg-pack,675,23.5,4,106,2028-05-12,50,Room Temperature,0
MED0571,Bisacodyl 5mg Tablet (Dulcolax),Gastrointestinal,Sanofi India,standard clinical packaging,Bisacodyl 5mg,22.0,Desirable,Stable_All_Season,Apollo Pharmacy & Netmeds Public Directories,https://www.apollopharmacy.in/search-medicines/bisacodyl-5mg-tablet-(dul,21,18.2,8,187,2027-08-16,20,Room Temperature,1
MED0572,Sodium Picosulfate 10mg Tablet,Gastrointestinal,Cipla Ltd,standard clinical packaging,Sodium Picosulfate 10mg,65.0,Essential,Stable_All_Season,Apollo Pharmacy & Netmeds Public Directories,https://www.apollopharmacy.in/search-medicines/sodium-picosulfate-10mg-t,1104,17.5,8,187,2027-05-18,50,Room Temperature,0
MED0573,Polyethylene Glycol 3350 Powder (Peglec),Gastrointestinal,Dr. Reddy's,standard clinical packaging,Polyethylene Glycol 3350 Powder (Peglec),210.0,Essential,High_Summer,Apollo Pharmacy & Netmeds Public Directories,https://www.apollopharmacy.in/search-medicines/polyethylene-glycol-3350-,271,17.4,5,119,2028-07-11,50,Room Temperature,0
MED0574,Ispaghula Husk Powder 100g (Fybogel),Gastrointestinal,Reckitt Benckiser,standard clinical packaging,Ispaghula Husk Powder 100g (Fybogel),145.0,Desirable,Stable_All_Season,Apollo Pharmacy & Netmeds Public Directories,https://www.apollopharmacy.in/search-medicines/ispaghula-husk-powder-100,125,8.4,12,115,2028-04-12,20,Room Temperature,0
MED0575,Rupatadine 10mg Tablet,Gastrointestinal,Sun Pharma,standard clinical packaging,Rupatadine 10mg,95.0,Desirable,High_Monsoon,Apollo Pharmacy & Netmeds Public Directories,https://www.apollopharmacy.in/search-medicines/rupatadine-10mg-tablet,230,17.4,5,97,2026-12-19,30,Room Temperature,0
MED0576,Bacillus Clausii Spores Suspension,Gastrointestinal,Sanofi India,standard clinical packaging,Bacillus Clausii Spores Suspension,68.0,Essential,High_Monsoon,Apollo Pharmacy & Netmeds Public Directories,https://www.apollopharmacy.in/search-medicines/bacillus-clausii-spores-s,509,19.1,6,185,2029-02-06,10,Room Temperature,0
MED0577,Lactobacillus GG Sachet,Gastrointestinal,Alkem Labs,standard clinical packaging,Lactobacillus GG Sachet,55.0,Essential,High_Monsoon,Apollo Pharmacy & Netmeds Public Directories,https://www.apollopharmacy.in/search-medicines/lactobacillus-gg-sachet,436,13.4,14,286,2027-01-18,20,Room Temperature,0
MED0578,Saccharomyces Boulardii Sachet (Darolac),Gastrointestinal,Aristo Pharma,standard clinical packaging,Saccharomyces Boulardii Sachet (Darolac),48.0,Essential,High_Monsoon,Apollo Pharmacy & Netmeds Public Directories,https://www.apollopharmacy.in/search-medicines/saccharomyces-boulardii-s,302,15.7,6,150,2028-04-12,10,Room Temperature,0
MED0579,Zinc Acetate 20mg Tablet,Gastrointestinal,Alkem Labs,standard clinical packaging,Zinc Acetate 20mg,35.0,Vital,High_Monsoon,Apollo Pharmacy & Netmeds Public Directories,https://www.apollopharmacy.in/search-medicines/zinc-acetate-20mg-tablet,137,9.8,2,27,2028-10-09,20,Room Temperature,0
MED0580,Tiotropium 18mcg Rotacaps (Tiova),Respiratory & Antiasthmatics,Cipla Ltd,standard clinical packaging,Tiotropium 18mcg Rotacaps (Tiova),240.0,Vital,High_Winter,Apollo Pharmacy & Netmeds Public Directories,https://www.apollopharmacy.in/search-medicines/tiotropium-18mcg-rotacaps,152,6.7,3,23,2029-02-06,10,Room Temperature,0
MED0581,Tiotropium + Formoterol Inhaler,Respiratory & Antiasthmatics,Cipla Ltd,standard clinical packaging,Tiotropium + Formoterol Inhaler,580.0,Vital,High_Winter,Apollo Pharmacy & Netmeds Public Directories,https://www.apollopharmacy.in/search-medicines/tiotropium-+-formoterol-i,73,18.5,4,121,2029-04-07,30,Room Temperature,1
MED0582,Glycopyrronium 50mcg Inhaler,Respiratory & Antiasthmatics,Novartis India,standard clinical packaging,Glycopyrronium 50mcg Inhaler,490.0,Vital,High_Winter,Apollo Pharmacy & Netmeds Public Directories,https://www.apollopharmacy.in/search-medicines/glycopyrronium-50mcg-inha,127,5.7,7,61,2027-06-17,50,Room Temperature,0
MED0583,Indacaterol 110mcg Capsule,Respiratory & Antiasthmatics,Novartis India,standard clinical packaging,Indacaterol 110mcg,520.0,Vital,High_Winter,Apollo Pharmacy & Netmeds Public Directories,https://www.apollopharmacy.in/search-medicines/indacaterol-110mcg-capsul,48,2.1,4,14,2028-04-12,20,Room Temperature,0
MED0584,Fluticasone Furoate 100mcg Inhaler,Respiratory & Antiasthmatics,GlaxoSmithKline,standard clinical packaging,Fluticasone Furoate 100mcg Inhaler,640.0,Vital,High_Winter,Apollo Pharmacy & Netmeds Public Directories,https://www.apollopharmacy.in/search-medicines/fluticasone-furoate-100mc,177,11.0,5,84,2028-02-12,30,Room Temperature,0
MED0585,Beclomethasone Dipropionate Inhaler,Respiratory & Antiasthmatics,Cipla Ltd,standard clinical packaging,Beclomethasone Dipropionate Inhaler,195.0,Vital,High_Winter,Apollo Pharmacy & Netmeds Public Directories,https://www.apollopharmacy.in/search-medicines/beclomethasone-dipropiona,1,1.3,4,7,2029-03-08,10,Room Temperature,1
MED0586,Beclomethasone + Levosalbutamol Inhaler,Respiratory & Antiasthmatics,Cipla Ltd,standard clinical packaging,Beclomethasone + Levosalbutamol Inhaler,340.0,Vital,High_Winter,Apollo Pharmacy & Netmeds Public Directories,https://www.apollopharmacy.in/search-medicines/beclomethasone-+-levosalb,2,1.3,2,5,2027-05-18,10,Room Temperature,1
MED0587,Ciclesonide 160mcg Inhaler,Respiratory & Antiasthmatics,Cipla Ltd,standard clinical packaging,Ciclesonide 160mcg Inhaler,420.0,Vital,High_Winter,Apollo Pharmacy & Netmeds Public Directories,https://www.apollopharmacy.in/search-medicines/ciclesonide-160mcg-inhale,47,5.9,6,49,2028-11-08,10,Room Temperature,0
MED0588,Roflumilast 500mcg Tablet,Respiratory & Antiasthmatics,Macleods Pharma,standard clinical packaging,Roflumilast 500mcg,180.0,Essential,High_Winter,Apollo Pharmacy & Netmeds Public Directories,https://www.apollopharmacy.in/search-medicines/roflumilast-500mcg-tablet,62,2.0,12,30,2028-08-10,30,Room Temperature,0
MED0589,Pirfenidone 200mg Tablet,Respiratory & Antiasthmatics,Cipla Ltd,standard clinical packaging,Pirfenidone 200mg,420.0,Vital,Stable_All_Season,Apollo Pharmacy & Netmeds Public Directories,https://www.apollopharmacy.in/search-medicines/pirfenidone-200mg-tablet,0,2.1,7,20,2028-04-12,20,Room Temperature,1
MED0590,Nintedanib 100mg Capsule,Respiratory & Antiasthmatics,Boehringer Ingelheim,standard clinical packaging,Nintedanib 100mg,1250.0,Vital,Stable_All_Season,Apollo Pharmacy & Netmeds Public Directories,https://www.apollopharmacy.in/search-medicines/nintedanib-100mg-capsule,16,5.7,4,34,2027-12-14,10,Room Temperature,1
MED0591,N-Acetylcysteine 600mg Effervescent,Respiratory & Antiasthmatics,Sun Pharma,standard clinical packaging,N-Acetylcysteine 600mg Effervescent,165.0,Essential,High_Winter,Apollo Pharmacy & Netmeds Public Directories,https://www.apollopharmacy.in/search-medicines/n-acetylcysteine-600mg-ef,78,8.1,5,54,2028-05-12,100,Room Temperature,0
MED0592,Carbocisteine 375mg Capsule,Respiratory & Antiasthmatics,Cipla Ltd,standard clinical packaging,Carbocisteine 375mg,75.0,Desirable,High_Winter,Apollo Pharmacy & Netmeds Public Directories,https://www.apollopharmacy.in/search-medicines/carbocisteine-375mg-capsu,64,3.0,6,29,2027-02-17,50,Room Temperature,0
MED0593,Guaifenesin + Terbutaline Cough Syrup,Respiratory & Antiasthmatics,Torrent Pharma,standard clinical packaging,Guaifenesin + Terbutaline Cough Syrup,85.0,Essential,High_Winter,Apollo Pharmacy & Netmeds Public Directories,https://www.apollopharmacy.in/search-medicines/guaifenesin-+-terbutaline,27,1.8,3,9,2028-12-08,20,Room Temperature,0
MED0594,Codeine Phosphate + Chlorpheniramine,Respiratory & Antiasthmatics,Abbott India,standard clinical packaging,Codeine Phosphate + Chlorpheniramine,145.0,Essential,High_Winter,Apollo Pharmacy & Netmeds Public Directories,https://www.apollopharmacy.in/search-medicines/codeine-phosphate-+-chlor,23,9.6,5,74,2027-08-16,10,Room Temperature,1
MED0595,Noscapine 15mg Tablet,Respiratory & Antiasthmatics,Cipla Ltd,standard clinical packaging,Noscapine 15mg,55.0,Desirable,High_Winter,Apollo Pharmacy & Netmeds Public Directories,https://www.apollopharmacy.in/search-medicines/noscapine-15mg-tablet,169,4.0,5,23,2029-01-07,20,Room Temperature,0
MED0596,Ebastine 10mg Tablet,Respiratory & Antiasthmatics,Micro Labs,standard clinical packaging,Ebastine 10mg,95.0,Essential,High_Monsoon,Apollo Pharmacy & Netmeds Public Directories,https://www.apollopharmacy.in/search-medicines/ebastine-10mg-tablet,414,19.8,12,350,2029-05-07,30,Room Temperature,0
MED0597,Ebastine 20mg Tablet,Respiratory & Antiasthmatics,Micro Labs,standard clinical packaging,Ebastine 20mg,165.0,Essential,High_Monsoon,Apollo Pharmacy & Netmeds Public Directories,https://www.apollopharmacy.in/search-medicines/ebastine-20mg-tablet,134,9.1,4,59,2027-11-14,30,Room Temperature,0
MED0598,Bilastine 20mg Tablet,Respiratory & Antiasthmatics,Sun Pharma,standard clinical packaging,Bilastine 20mg,175.0,Essential,High_Monsoon,Apollo Pharmacy & Netmeds Public Directories,https://www.apollopharmacy.in/search-medicines/bilastine-20mg-tablet,4,6.8,5,53,2027-03-19,10,Room Temperature,1
MED0599,Desloratadine 5mg Tablet,Respiratory & Antiasthmatics,Glenmark Pharma,standard clinical packaging,Desloratadine 5mg,85.0,Essential,High_Monsoon,Apollo Pharmacy & Netmeds Public Directories,https://www.apollopharmacy.in/search-medicines/desloratadine-5mg-tablet,204,6.5,6,66,2029-02-06,20,Room Temperature,0
MED0600,Mizolastine 10mg Tablet,Respiratory & Antiasthmatics,Sanofi India,standard clinical packaging,Mizolastine 10mg,110.0,Desirable,High_Monsoon,Apollo Pharmacy & Netmeds Public Directories,https://www.apollopharmacy.in/search-medicines/mizolastine-10mg-tablet,76,10.5,4,59,2028-10-09,10,Room Temperature,0
MED0601,Azelastine 0.1% Nasal Spray,Respiratory & Antiasthmatics,Sun Pharma,standard clinical packaging,Azelastine 0.1% Nasal Spray,240.0,Essential,High_Monsoon,Apollo Pharmacy & Netmeds Public Directories,https://www.apollopharmacy.in/search-medicines/azelastine-0.1%-nasal-spr,55,3.6,5,27,2028-11-08,50,Room Temperature,0
MED0602,Mometasone Furoate 50mcg Nasal Spray,Respiratory & Antiasthmatics,Cipla Ltd,standard clinical packaging,Mometasone Furoate 50mcg Nasal Spray,380.0,Vital,High_Winter,Apollo Pharmacy & Netmeds Public Directories,https://www.apollopharmacy.in/search-medicines/mometasone-furoate-50mcg-,40,3.5,3,12,2027-09-15,20,Room Temperature,0
MED0603,Beclomethasone Nasal Spray 50mcg,Respiratory & Antiasthmatics,GlaxoSmithKline,standard clinical packaging,Beclomethasone Nasal Spray 50mcg,220.0,Essential,High_Winter,Apollo Pharmacy & Netmeds Public Directories,https://www.apollopharmacy.in/search-medicines/beclomethasone-nasal-spra,98,3.3,7,37,2028-05-12,50,Room Temperature,0
MED0604,Budesonide Nasal Spray 100mcg,Respiratory & Antiasthmatics,AstraZeneca,standard clinical packaging,Budesonide Nasal Spray 100mcg,310.0,Vital,High_Winter,Apollo Pharmacy & Netmeds Public Directories,https://www.apollopharmacy.in/search-medicines/budesonide-nasal-spray-10,49,5.1,3,20,2028-12-08,20,Room Temperature,0
MED0605,Salbutamol Respules 2.5mg/2.5ml,Respiratory & Antiasthmatics,Cipla Ltd,standard clinical packaging,Salbutamol Respules 2.5mg/2.5ml,45.0,Vital,High_Winter,Apollo Pharmacy & Netmeds Public Directories,https://www.apollopharmacy.in/search-medicines/salbutamol-respules-2.5mg,77,3.3,6,25,2027-09-15,30,Room Temperature,0
MED0606,Levosalbutamol Respules 1.25mg,Respiratory & Antiasthmatics,Cipla Ltd,standard clinical packaging,Levosalbutamol Respules 1.25mg,55.0,Vital,High_Winter,Apollo Pharmacy & Netmeds Public Directories,https://www.apollopharmacy.in/search-medicines/levosalbutamol-respules-1,42,4.0,4,21,2028-11-08,50,Room Temperature,0
MED0607,Formoterol Respules 20mcg,Respiratory & Antiasthmatics,Sun Pharma,standard clinical packaging,Formoterol Respules 20mcg,68.0,Vital,High_Winter,Apollo Pharmacy & Netmeds Public Directories,https://www.apollopharmacy.in/search-medicines/formoterol-respules-20mcg,97,5.7,6,39,2028-06-11,10,Room Temperature,0
MED0608,Salbutamol 2mg Tablet,Respiratory & Antiasthmatics,Cipla Ltd,standard clinical packaging,Salbutamol 2mg,15.0,Essential,High_Winter,Apollo Pharmacy & Netmeds Public Directories,https://www.apollopharmacy.in/search-medicines/salbutamol-2mg-tablet,88,5.6,5,34,2027-06-17,20,Room Temperature,0
MED0609,Salbutamol 4mg SR Tablet,Respiratory & Antiasthmatics,Cipla Ltd,standard clinical packaging,Salbutamol 4mg SR,22.0,Essential,High_Winter,Apollo Pharmacy & Netmeds Public Directories,https://www.apollopharmacy.in/search-medicines/salbutamol-4mg-sr-tablet,94,3.8,6,37,2029-01-07,10,Room Temperature,0
MED0610,Mometasone Furoate 0.1% Cream 15g,Dermatological & Topicals,Glenmark Pharma,standard clinical packaging,Mometasone Furoate 0.1% Cream 15g,145.0,Essential,High_Summer,Apollo Pharmacy & Netmeds Public Directories,https://www.apollopharmacy.in/search-medicines/mometasone-furoate-0.1%-c,79,7.6,5,61,2026-12-19,20,Room Temperature,0
MED0611,Halobetasol Propionate 0.05% 20g,Dermatological & Topicals,Sun Pharma,standard clinical packaging,Halobetasol Propionate 0.05% 20g,165.0,Essential,High_Summer,Apollo Pharmacy & Netmeds Public Directories,https://www.apollopharmacy.in/search-medicines/halobetasol-propionate-0.,8,12.7,5,99,2027-07-17,20,Room Temperature,1
MED0612,Fluticasone Propionate 0.05% Cream,Dermatological & Topicals,GlaxoSmithKline,standard clinical packaging,Fluticasone Propionate 0.05% Cream,125.0,Essential,High_Summer,Apollo Pharmacy & Netmeds Public Directories,https://www.apollopharmacy.in/search-medicines/fluticasone-propionate-0.,36,2.0,7,25,2027-03-19,100,Room Temperature,0
MED0613,Desonide 0.05% Cream 15g,Dermatological & Topicals,Galderma India,standard clinical packaging,Desonide 0.05% Cream 15g,195.0,Essential,High_Summer,Apollo Pharmacy & Netmeds Public Directories,https://www.apollopharmacy.in/search-medicines/desonide-0.05%-cream-15g,180,6.8,5,44,2027-11-14,10,Room Temperature,0
MED0614,Tacrolimus 0.03% Ointment 10g,Dermatological & Topicals,Cipla Ltd,standard clinical packaging,Tacrolimus 0.03% Ointment 10g,280.0,Vital,Stable_All_Season,Apollo Pharmacy & Netmeds Public Directories,https://www.apollopharmacy.in/search-medicines/tacrolimus-0.03%-ointment,45,8.6,4,42,2028-06-11,10,Room Temperature,0
MED0615,Tacrolimus 0.1% Ointment 10g,Dermatological & Topicals,Cipla Ltd,standard clinical packaging,Tacrolimus 0.1% Ointment 10g,420.0,Vital,Stable_All_Season,Apollo Pharmacy & Netmeds Public Directories,https://www.apollopharmacy.in/search-medicines/tacrolimus-0.1%-ointment-,33,7.9,2,28,2028-09-09,20,Room Temperature,0
MED0616,Pimecrolimus 1% Cream 15g,Dermatological & Topicals,Novartis India,standard clinical packaging,Pimecrolimus 1% Cream 15g,580.0,Vital,Stable_All_Season,Apollo Pharmacy & Netmeds Public Directories,https://www.apollopharmacy.in/search-medicines/pimecrolimus-1%-cream-15g,11,2.7,5,19,2027-04-18,50,Room Temperature,1
MED0617,Isotretinoin 10mg Capsule,Dermatological & Topicals,Sun Pharma,standard clinical packaging,Isotretinoin 10mg,195.0,Essential,High_Summer,Apollo Pharmacy & Netmeds Public Directories,https://www.apollopharmacy.in/search-medicines/isotretinoin-10mg-capsule,102,5.9,5,50,2027-06-17,20,Room Temperature,0
MED0618,Isotretinoin 20mg Capsule,Dermatological & Topicals,Sun Pharma,standard clinical packaging,Isotretinoin 20mg,340.0,Essential,High_Summer,Apollo Pharmacy & Netmeds Public Directories,https://www.apollopharmacy.in/search-medicines/isotretinoin-20mg-capsule,91,7.3,5,56,2029-04-07,10,Room Temperature,0
MED0619,Benzoyl Peroxide 2.5% Gel 20g,Dermatological & Topicals,Galderma India,standard clinical packaging,Benzoyl Peroxide 2.5% Gel 20g,145.0,Essential,High_Summer,Apollo Pharmacy & Netmeds Public Directories,https://www.apollopharmacy.in/search-medicines/benzoyl-peroxide-2.5%-gel,174,3.3,5,20,2029-04-07,10,Room Temperature,0
MED0620,Benzoyl Peroxide 5% Gel 20g,Dermatological & Topicals,Galderma India,standard clinical packaging,Benzoyl Peroxide 5% Gel 20g,185.0,Essential,High_Summer,Apollo Pharmacy & Netmeds Public Directories,https://www.apollopharmacy.in/search-medicines/benzoyl-peroxide-5%-gel-2,79,11.0,4,65,2028-09-09,50,Room Temperature,0
MED0621,Clindamycin 1% Topical Gel 20g,Dermatological & Topicals,Torrent Pharma,standard clinical packaging,Clindamycin 1% Topical Gel 20g,125.0,Essential,High_Summer,Apollo Pharmacy & Netmeds Public Directories,https://www.apollopharmacy.in/search-medicines/clindamycin-1%-topical-ge,5,4.5,7,55,2028-01-13,30,Room Temperature,1
MED0622,Adapalene + Benzoyl Peroxide Gel,Dermatological & Topicals,Galderma India,standard clinical packaging,Adapalene + Benzoyl Peroxide Gel,390.0,Essential,High_Summer,Apollo Pharmacy & Netmeds Public Directories,https://www.apollopharmacy.in/search-medicines/adapalene-+-benzoyl-perox,58,2.3,10,41,2028-02-12,10,Room Temperature,0
MED0623,Tretinoin 0.025% Cream 20g,Dermatological & Topicals,Janssen Biotech,standard clinical packaging,Tretinoin 0.025% Cream 20g,160.0,Desirable,High_Summer,Apollo Pharmacy & Netmeds Public Directories,https://www.apollopharmacy.in/search-medicines/tretinoin-0.025%-cream-20,142,7.3,5,65,2028-03-13,50,Room Temperature,0
MED0624,Tretinoin 0.05% Cream 20g,Dermatological & Topicals,Janssen Biotech,standard clinical packaging,Tretinoin 0.05% Cream 20g,210.0,Desirable,High_Summer,Apollo Pharmacy & Netmeds Public Directories,https://www.apollopharmacy.in/search-medicines/tretinoin-0.05%-cream-20g,77,7.6,8,98,2028-12-08,20,Room Temperature,1
MED0625,Azelaic Acid 20% Cream 15g,Dermatological & Topicals,Micro Labs,standard clinical packaging,Azelaic Acid 20% Cream 15g,260.0,Desirable,High_Summer,Apollo Pharmacy & Netmeds Public Directories,https://www.apollopharmacy.in/search-medicines/azelaic-acid-20%-cream-15,6,2.2,5,18,2027-11-14,10,Room Temperature,1
MED0626,Kojic Acid + Vitamin C Cream 20g,Dermatological & Topicals,Curatio Healthcare,standard clinical packaging,Kojic Acid + Vitamin C Cream 20g,340.0,Desirable,High_Summer,Apollo Pharmacy & Netmeds Public Directories,https://www.apollopharmacy.in/search-medicines/kojic-acid-+-vitamin-c-cr,110,11.9,12,244,2028-09-09,20,Room Temperature,1
MED0627,Hydroquinone 2% Cream 15g,Dermatological & Topicals,Eldoquin India,standard clinical packaging,Hydroquinone 2% Cream 15g,175.0,Desirable,High_Summer,Apollo Pharmacy & Netmeds Public Directories,https://www.apollopharmacy.in/search-medicines/hydroquinone-2%-cream-15g,12,2.4,5,19,2027-06-17,20,Room Temperature,1
MED0628,Amorolfine 0.25% Cream 10g,Dermatological & Topicals,Galderma India,standard clinical packaging,Amorolfine 0.25% Cream 10g,220.0,Essential,High_Monsoon,Apollo Pharmacy & Netmeds Public Directories,https://www.apollopharmacy.in/search-medicines/amorolfine-0.25%-cream-10,328,6.2,7,57,2028-10-09,20,Room Temperature,0
MED0629,Amorolfine 5% Nail Lacquer,Dermatological & Topicals,Galderma India,standard clinical packaging,Amorolfine 5% Nail Lacquer,680.0,Desirable,High_Monsoon,Apollo Pharmacy & Netmeds Public Directories,https://www.apollopharmacy.in/search-medicines/amorolfine-5%-nail-lacque,119,4.1,7,40,2029-05-07,50,Room Temperature,0
MED0630,Ciclopirox Olamine 1% Cream 30g,Dermatological & Topicals,Sanofi India,standard clinical packaging,Ciclopirox Olamine 1% Cream 30g,180.0,Essential,High_Monsoon,Apollo Pharmacy & Netmeds Public Directories,https://www.apollopharmacy.in/search-medicines/ciclopirox-olamine-1%-cre,7,3.2,5,27,2028-10-09,10,Room Temperature,1
MED0631,Oxiconazole 1% Cream 30g,Dermatological & Topicals,FDC Ltd,standard clinical packaging,Oxiconazole 1% Cream 30g,195.0,Essential,High_Monsoon,Apollo Pharmacy & Netmeds Public Directories,https://www.apollopharmacy.in/search-medicines/oxiconazole-1%-cream-30g,176,5.1,5,35,2027-04-18,20,Room Temperature,0
MED0632,Sertaconazole 2% Cream 20g,Dermatological & Topicals,Glenmark Pharma,standard clinical packaging,Sertaconazole 2% Cream 20g,240.0,Essential,High_Monsoon,Apollo Pharmacy & Netmeds Public Directories,https://www.apollopharmacy.in/search-medicines/sertaconazole-2%-cream-20,85,5.3,12,79,2028-08-10,10,Room Temperature,1
MED0633,Ketoconazole 2% Anti-Dandruff Shampoo,Dermatological & Topicals,Johnson & Johnson,standard clinical packaging,Ketoconazole 2% Anti-Dandruff Shampoo,260.0,Desirable,High_Monsoon,Apollo Pharmacy & Netmeds Public Directories,https://www.apollopharmacy.in/search-medicines/ketoconazole-2%-anti-dand,43,2.2,6,21,2028-06-11,100,Room Temperature,0
MED0634,Coal Tar + Salicylic Acid Lotion,Dermatological & Topicals,Stiefel India,standard clinical packaging,Coal Tar + Salicylic Acid Lotion,190.0,Desirable,High_Winter,Apollo Pharmacy & Netmeds Public Directories,https://www.apollopharmacy.in/search-medicines/coal-tar-+-salicylic-acid,1,5.0,4,23,2027-04-18,10,Room Temperature,1
MED0635,Minoxidil 5% Topical Solution 60ml,Dermatological & Topicals,Dr. Reddy's,standard clinical packaging,Minoxidil 5% Topical Solution 60ml,580.0,Desirable,Stable_All_Season,Apollo Pharmacy & Netmeds Public Directories,https://www.apollopharmacy.in/search-medicines/minoxidil-5%-topical-solu,290,7.7,5,57,2028-11-08,10,Room Temperature,0
MED0636,Finasteride 1mg Tablet,Dermatological & Topicals,Cipla Ltd,standard clinical packaging,Finasteride 1mg,210.0,Desirable,Stable_All_Season,Apollo Pharmacy & Netmeds Public Directories,https://www.apollopharmacy.in/search-medicines/finasteride-1mg-tablet,29,4.8,5,35,2027-06-17,50,Room Temperature,0
MED0637,Mupirocin + Betamethasone Ointment,Dermatological & Topicals,Glenmark Pharma,standard clinical packaging,Mupirocin + Betamethasone Ointment,145.0,Essential,High_Monsoon,Apollo Pharmacy & Netmeds Public Directories,https://www.apollopharmacy.in/search-medicines/mupirocin-+-betamethasone,101,7.3,4,44,2029-04-07,20,Room Temperature,0
MED0638,Silver Nitrate 10% Solution 30ml,Dermatological & Topicals,Neon Labs,standard clinical packaging,Silver Nitrate 10% Solution 30ml,95.0,Vital,High_Summer,Apollo Pharmacy & Netmeds Public Directories,https://www.apollopharmacy.in/search-medicines/silver-nitrate-10%-soluti,1,5.5,3,23,2028-10-09,20,Room Temperature,1
MED0639,Liquid Paraffin + White Soft Paraffin,Dermatological & Topicals,Curatio Healthcare,standard clinical packaging,Liquid Paraffin + White Soft Paraffin,175.0,Desirable,High_Winter,Apollo Pharmacy & Netmeds Public Directories,https://www.apollopharmacy.in/search-medicines/liquid-paraffin-+-white-s,91,3.5,6,34,2028-08-10,20,Room Temperature,0
MED0640,Vitamin A 50000 IU Capsule,Vitamins & Mineral Supplements,Piramal Healthcare,standard clinical packaging,Vitamin A 50000 IU,25.0,Essential,Stable_All_Season,Apollo Pharmacy & Netmeds Public Directories,https://www.apollopharmacy.in/search-medicines/vitamin-a-50000-iu-capsul,4,7.4,6,68,2027-08-16,50,Room Temperature,1
MED0641,Vitamin B1 (Thiamine) 100mg Injection,Vitamins & Mineral Supplements,Neon Labs,standard clinical packaging,Vitamin B1 (Thiamine) 100mg,45.0,Vital,Stable_All_Season,Apollo Pharmacy & Netmeds Public Directories,https://www.apollopharmacy.in/search-medicines/vitamin-b1-(thiamine)-100,27,5.7,5,46,2028-08-10,100,Room Temperature,1
MED0642,Vitamin B6 (Pyridoxine) 50mg Tablet,Vitamins & Mineral Supplements,Sun Pharma,standard clinical packaging,Vitamin B6 (Pyridoxine) 50mg,35.0,Essential,Stable_All_Season,Apollo Pharmacy & Netmeds Public Directories,https://www.apollopharmacy.in/search-medicines/vitamin-b6-(pyridoxine)-5,47,3.7,4,23,2029-05-07,10,Room Temperature,0
MED0643,Vitamin B12 (Cyanocobalamin) 1000mcg,Vitamins & Mineral Supplements,Cipla Ltd,standard clinical packaging,Vitamin B12 (Cyanocobalamin) 1000mcg,65.0,Vital,Stable_All_Season,Apollo Pharmacy & Netmeds Public Directories,https://www.apollopharmacy.in/search-medicines/vitamin-b12-(cyanocobalam,45,4.3,2,11,2029-03-08,10,Room Temperature,0
MED0644,Vitamin K1 (Phytomenadione) 10mg,Vitamins & Mineral Supplements,Neon Labs,standard clinical packaging,Vitamin K1 (Phytomenadione) 10mg,75.0,Vital,Stable_All_Season,Apollo Pharmacy & Netmeds Public Directories,https://www.apollopharmacy.in/search-medicines/vitamin-k1-(phytomenadion,38,10.7,5,68,2029-05-07,10,Room Temperature,1
MED0645,Calcium Gluconate 10% Injection,Vitamins & Mineral Supplements,Neon Labs,standard clinical packaging,Calcium Gluconate 10%,28.0,Vital,Stable_All_Season,Apollo Pharmacy & Netmeds Public Directories,https://www.apollopharmacy.in/search-medicines/calcium-gluconate-10%-inj,96,2.7,2,9,2028-04-12,30,Room Temperature,0
MED0646,Potassium Chloride 1.5g Injection,Vitamins & Mineral Supplements,Neon Labs,standard clinical packaging,Potassium Chloride 1.5g,32.0,Vital,High_Summer,Apollo Pharmacy & Netmeds Public Directories,https://www.apollopharmacy.in/search-medicines/potassium-chloride-1.5g-i,8,3.2,4,22,2028-06-11,10,Room Temperature,1
MED0647,Potassium Citrate + Citric Acid Syrup,Vitamins & Mineral Supplements,Torrent Pharma,standard clinical packaging,Potassium Citrate + Citric Acid Syrup,145.0,Essential,High_Summer,Apollo Pharmacy & Netmeds Public Directories,https://www.apollopharmacy.in/search-medicines/potassium-citrate-+-citri,30,4.4,12,74,2027-10-15,20,Room Temperature,1
MED0648,Magnesium Sulphate 50% Injection,Vitamins & Mineral Supplements,Neon Labs,standard clinical packaging,Magnesium Sulphate 50%,38.0,Vital,Stable_All_Season,Apollo Pharmacy & Netmeds Public Directories,https://www.apollopharmacy.in/search-medicines/magnesium-sulphate-50%-in,52,4.3,6,31,2027-11-14,30,Room Temperature,0
MED0649,Elemental Iron + Folic Acid Drops,Vitamins & Mineral Supplements,FDC Ltd,standard clinical packaging,Elemental Iron + Folic Acid Drops,65.0,Vital,Stable_All_Season,Apollo Pharmacy & Netmeds Public Directories,https://www.apollopharmacy.in/search-medicines/elemental-iron-+-folic-ac,19,3.9,6,34,2028-04-12,30,Room Temperature,1
MED0650,Ferric Carboxymaltose 500mg Injection,Vitamins & Mineral Supplements,Emcure Pharma,standard clinical packaging,Ferric Carboxymaltose 500mg,2850.0,Vital,Stable_All_Season,Apollo Pharmacy & Netmeds Public Directories,https://www.apollopharmacy.in/search-medicines/ferric-carboxymaltose-500,125,8.1,5,46,2029-01-07,20,Cold Chain (2-8C),0
MED0651,Iron Sucrose 100mg Injection,Vitamins & Mineral Supplements,Alkem Labs,standard clinical packaging,Iron Sucrose 100mg,260.0,Vital,Stable_All_Season,Apollo Pharmacy & Netmeds Public Directories,https://www.apollopharmacy.in/search-medicines/iron-sucrose-100mg-inject,8,12.3,4,62,2027-09-15,10,Cold Chain (2-8C),1
MED0652,L-Carnitine 500mg Tablet,Vitamins & Mineral Supplements,Sun Pharma,standard clinical packaging,L-Carnitine 500mg,240.0,Desirable,Stable_All_Season,Apollo Pharmacy & Netmeds Public Directories,https://www.apollopharmacy.in/search-medicines/l-carnitine-500mg-tablet,55,3.3,4,21,2028-06-11,20,Room Temperature,0
MED0653,Glutathione 500mg Effervescent Tablet,Vitamins & Mineral Supplements,Cipla Ltd,standard clinical packaging,Glutathione 500mg Effervescent,650.0,Desirable,Stable_All_Season,Apollo Pharmacy & Netmeds Public Directories,https://www.apollopharmacy.in/search-medicines/glutathione-500mg-efferve,52,3.1,5,28,2027-02-17,100,Room Temperature,0
MED0654,Collagen Peptide + Glucosamine Sachet,Vitamins & Mineral Supplements,Abbott India,standard clinical packaging,Collagen Peptide + Glucosamine Sachet,420.0,Desirable,High_Winter,Apollo Pharmacy & Netmeds Public Directories,https://www.apollopharmacy.in/search-medicines/collagen-peptide-+-glucos,52,2.5,7,30,2029-02-06,50,Room Temperature,0
MED0655,Chondroitin + Glucosamine 500/400,Vitamins & Mineral Supplements,Torrent Pharma,standard clinical packaging,Chondroitin + Glucosamine 500/400,280.0,Desirable,High_Winter,Apollo Pharmacy & Netmeds Public Directories,https://www.apollopharmacy.in/search-medicines/chondroitin-+-glucosamine,19,2.9,7,22,2028-07-11,20,Room Temperature,1
MED0656,Astaxanthin 4mg Capsule,Vitamins & Mineral Supplements,Sun Pharma,standard clinical packaging,Astaxanthin 4mg,310.0,Desirable,Stable_All_Season,Apollo Pharmacy & Netmeds Public Directories,https://www.apollopharmacy.in/search-medicines/astaxanthin-4mg-capsule,170,2.5,8,36,2027-06-17,50,Room Temperature,0
MED0657,Curcumin 500mg + Piperine Capsule,Vitamins & Mineral Supplements,Himalaya Wellness,standard clinical packaging,Curcumin 500mg + Piperine,220.0,Desirable,High_Winter,Apollo Pharmacy & Netmeds Public Directories,https://www.apollopharmacy.in/search-medicines/curcumin-500mg-+-piperine,74,4.6,10,56,2028-03-13,30,Room Temperature,0
MED0658,Zinc Carnosine 75mg Capsule,Vitamins & Mineral Supplements,Dr. Reddy's,standard clinical packaging,Zinc Carnosine 75mg,360.0,Desirable,Stable_All_Season,Apollo Pharmacy & Netmeds Public Directories,https://www.apollopharmacy.in/search-medicines/zinc-carnosine-75mg-capsu,180,14.0,6,134,2027-10-15,20,Room Temperature,0
MED0659,Methylfolate + Methylcobalamin,Vitamins & Mineral Supplements,Micro Labs,standard clinical packaging,Methylfolate + Methylcobalamin,175.0,Vital,Stable_All_Season,Apollo Pharmacy & Netmeds Public Directories,https://www.apollopharmacy.in/search-medicines/methylfolate-+-methylcoba,63,5.7,4,30,2028-12-08,20,Room Temperature,0
MED0660,Vitamin D3 800 IU/ml Oral Drops,Vitamins & Mineral Supplements,Sun Pharma,standard clinical packaging,Vitamin D3 800 IU/ml Oral Drops,95.0,Vital,High_Winter,Apollo Pharmacy & Netmeds Public Directories,https://www.apollopharmacy.in/search-medicines/vitamin-d3-800-iu/ml-oral,71,6.6,6,66,2028-12-08,30,Room Temperature,0
MED0661,Vitamin D3 400 IU/ml Infant Drops,Vitamins & Mineral Supplements,Zydus Cadila,standard clinical packaging,Vitamin D3 400 IU/ml Infant Drops,75.0,Vital,High_Winter,Apollo Pharmacy & Netmeds Public Directories,https://www.apollopharmacy.in/search-medicines/vitamin-d3-400-iu/ml-infa,71,7.9,5,56,2027-06-17,20,Room Temperature,0
MED0662,Calcium Carbonate + Alfacalcidol,Vitamins & Mineral Supplements,Torrent Pharma,standard clinical packaging,Calcium Carbonate + Alfacalcidol,165.0,Vital,Stable_All_Season,Apollo Pharmacy & Netmeds Public Directories,https://www.apollopharmacy.in/search-medicines/calcium-carbonate-+-alfac,1,1.7,3,8,2026-12-19,30,Room Temperature,1
MED0663,Calcitriol 0.25mcg Capsule,Vitamins & Mineral Supplements,Sun Pharma,standard clinical packaging,Calcitriol 0.25mcg,140.0,Vital,Stable_All_Season,Apollo Pharmacy & Netmeds Public Directories,https://www.apollopharmacy.in/search-medicines/calcitriol-0.25mcg-capsul,63,3.6,4,23,2027-04-18,20,Room Temperature,0
MED0664,Cinacalcet 30mg Tablet,Vitamins & Mineral Supplements,Sun Pharma,standard clinical packaging,Cinacalcet 30mg,620.0,Vital,Stable_All_Season,Apollo Pharmacy & Netmeds Public Directories,https://www.apollopharmacy.in/search-medicines/cinacalcet-30mg-tablet,26,8.2,5,51,2028-02-12,20,Room Temperature,1
MED0665,Sodium Bicarbonate 500mg Tablet,Vitamins & Mineral Supplements,Sun Pharma,standard clinical packaging,Sodium Bicarbonate 500mg,45.0,Essential,Stable_All_Season,Apollo Pharmacy & Netmeds Public Directories,https://www.apollopharmacy.in/search-medicines/sodium-bicarbonate-500mg-,154,11.0,6,111,2028-06-11,30,Room Temperature,0
MED0666,Multivitamin + Ginseng Extract (Revital),Vitamins & Mineral Supplements,Sun Pharma,standard clinical packaging,Multivitamin + Ginseng Extract (Revital),110.0,Desirable,High_Winter,Apollo Pharmacy & Netmeds Public Directories,https://www.apollopharmacy.in/search-medicines/multivitamin-+-ginseng-ex,50,2.1,6,20,2027-10-15,100,Room Temperature,0
MED0667,Evening Primrose Oil 1000mg Capsule,Vitamins & Mineral Supplements,Cipla Ltd,standard clinical packaging,Evening Primrose Oil 1000mg,320.0,Desirable,Stable_All_Season,Apollo Pharmacy & Netmeds Public Directories,https://www.apollopharmacy.in/search-medicines/evening-primrose-oil-1000,149,11.1,7,139,2027-05-18,50,Room Temperature,0
MED0668,Melatonin 3mg Fast Dissolve Tablet,Vitamins & Mineral Supplements,Sun Pharma,standard clinical packaging,Melatonin 3mg Fast Dissolve,125.0,Desirable,Stable_All_Season,Apollo Pharmacy & Netmeds Public Directories,https://www.apollopharmacy.in/search-medicines/melatonin-3mg-fast-dissol,251,11.1,7,110,2027-01-18,10,Room Temperature,0
MED0669,Melatonin 5mg Fast Dissolve Tablet,Vitamins & Mineral Supplements,Sun Pharma,standard clinical packaging,Melatonin 5mg Fast Dissolve,165.0,Desirable,Stable_All_Season,Apollo Pharmacy & Netmeds Public Directories,https://www.apollopharmacy.in/search-medicines/melatonin-5mg-fast-dissol,20,3.3,5,29,2027-04-18,100,Room Temperature,0
MED0670,Lorazepam 1mg Tablet (Ativan),Neuropsychiatric & Sedatives,Pfizer India,standard clinical packaging,Lorazepam 1mg,35.0,Vital,Stable_All_Season,Apollo Pharmacy & Netmeds Public Directories,https://www.apollopharmacy.in/search-medicines/lorazepam-1mg-tablet-(ati,35,1.9,5,12,2029-05-07,20,Room Temperature,0
MED0671,Lorazepam 2mg Tablet,Neuropsychiatric & Sedatives,Pfizer India,standard clinical packaging,Lorazepam 2mg,58.0,Vital,Stable_All_Season,Apollo Pharmacy & Netmeds Public Directories,https://www.apollopharmacy.in/search-medicines/lorazepam-2mg-tablet,101,9.3,4,53,2028-09-09,10,Room Temperature,0
MED0672,Diazepam 5mg Tablet (Valium),Neuropsychiatric & Sedatives,Abbott India,standard clinical packaging,Diazepam 5mg,22.0,Vital,Stable_All_Season,Apollo Pharmacy & Netmeds Public Directories,https://www.apollopharmacy.in/search-medicines/diazepam-5mg-tablet-(vali,14,6.1,7,54,2027-05-18,20,Room Temperature,1
MED0673,Diazepam 10mg Injection,Neuropsychiatric & Sedatives,Abbott India,standard clinical packaging,Diazepam 10mg,18.0,Vital,Stable_All_Season,Apollo Pharmacy & Netmeds Public Directories,https://www.apollopharmacy.in/search-medicines/diazepam-10mg-injection,149,7.2,6,61,2028-03-13,20,Room Temperature,0
MED0674,Midazolam 5mg/ml Injection,Neuropsychiatric & Sedatives,Neon Labs,standard clinical packaging,Midazolam 5mg/ml,42.0,Vital,Stable_All_Season,Apollo Pharmacy & Netmeds Public Directories,https://www.apollopharmacy.in/search-medicines/midazolam-5mg/ml-injectio,0,7.8,3,32,2027-08-16,50,Room Temperature,1
MED0675,Paroxetine 20mg Tablet,Neuropsychiatric & Sedatives,Sun Pharma,standard clinical packaging,Paroxetine 20mg,145.0,Essential,High_Winter,Apollo Pharmacy & Netmeds Public Directories,https://www.apollopharmacy.in/search-medicines/paroxetine-20mg-tablet,116,10.7,5,81,2029-01-07,20,Room Temperature,0
MED0676,Paroxetine 25mg CR Tablet,Neuropsychiatric & Sedatives,Sun Pharma,standard clinical packaging,Paroxetine 25mg CR,195.0,Essential,High_Winter,Apollo Pharmacy & Netmeds Public Directories,https://www.apollopharmacy.in/search-medicines/paroxetine-25mg-cr-tablet,102,6.2,7,54,2029-02-06,20,Room Temperature,0
MED0677,Venlafaxine 37.5mg ER Capsule,Neuropsychiatric & Sedatives,Sun Pharma,standard clinical packaging,Venlafaxine 37.5mg ER,110.0,Essential,High_Winter,Apollo Pharmacy & Netmeds Public Directories,https://www.apollopharmacy.in/search-medicines/venlafaxine-37.5mg-er-cap,5,2.5,8,30,2027-01-18,30,Room Temperature,1
MED0678,Venlafaxine 75mg ER Capsule,Neuropsychiatric & Sedatives,Sun Pharma,standard clinical packaging,Venlafaxine 75mg ER,180.0,Essential,High_Winter,Apollo Pharmacy & Netmeds Public Directories,https://www.apollopharmacy.in/search-medicines/venlafaxine-75mg-er-capsu,104,6.9,7,70,2028-07-11,100,Room Temperature,0
MED0679,Desvenlafaxine 50mg Tablet,Neuropsychiatric & Sedatives,Torrent Pharma,standard clinical packaging,Desvenlafaxine 50mg,165.0,Essential,High_Winter,Apollo Pharmacy & Netmeds Public Directories,https://www.apollopharmacy.in/search-medicines/desvenlafaxine-50mg-table,19,7.6,5,58,2027-12-14,10,Room Temperature,1
MED0680,Desvenlafaxine 100mg Tablet,Neuropsychiatric & Sedatives,Torrent Pharma,standard clinical packaging,Desvenlafaxine 100mg,260.0,Essential,High_Winter,Apollo Pharmacy & Netmeds Public Directories,https://www.apollopharmacy.in/search-medicines/desvenlafaxine-100mg-tabl,19,3.4,6,35,2028-04-12,10,Room Temperature,1
MED0681,Mirtazapine 15mg Tablet,Neuropsychiatric & Sedatives,Sun Pharma,standard clinical packaging,Mirtazapine 15mg,115.0,Essential,High_Winter,Apollo Pharmacy & Netmeds Public Directories,https://www.apollopharmacy.in/search-medicines/mirtazapine-15mg-tablet,116,1.6,6,17,2027-12-14,50,Room Temperature,0
MED0682,Mirtazapine 30mg Tablet,Neuropsychiatric & Sedatives,Sun Pharma,standard clinical packaging,Mirtazapine 30mg,185.0,Essential,High_Winter,Apollo Pharmacy & Netmeds Public Directories,https://www.apollopharmacy.in/search-medicines/mirtazapine-30mg-tablet,34,9.0,4,61,2027-11-14,20,Room Temperature,1
MED0683,Bupropion 150mg SR Tablet,Neuropsychiatric & Sedatives,Sun Pharma,standard clinical packaging,Bupropion 150mg SR,160.0,Desirable,Stable_All_Season,Apollo Pharmacy & Netmeds Public Directories,https://www.apollopharmacy.in/search-medicines/bupropion-150mg-sr-tablet,18,6.2,4,44,2027-03-19,20,Room Temperature,1
MED0684,Lithium Carbonate 300mg CR Tablet,Neuropsychiatric & Sedatives,Sun Pharma,standard clinical packaging,Lithium Carbonate 300mg CR,75.0,Vital,Stable_All_Season,Apollo Pharmacy & Netmeds Public Directories,https://www.apollopharmacy.in/search-medicines/lithium-carbonate-300mg-c,1,3.2,2,11,2028-10-09,20,Room Temperature,1
MED0685,Carbamazepine 200mg CR (Tegretol),Neuropsychiatric & Sedatives,Novartis India,standard clinical packaging,Carbamazepine 200mg CR (Tegretol),55.0,Vital,Stable_All_Season,Apollo Pharmacy & Netmeds Public Directories,https://www.apollopharmacy.in/search-medicines/carbamazepine-200mg-cr-(t,2,4.0,5,25,2027-03-19,10,Room Temperature,1
MED0686,Oxcarbazepine 300mg Tablet,Neuropsychiatric & Sedatives,Sun Pharma,standard clinical packaging,Oxcarbazepine 300mg,145.0,Vital,Stable_All_Season,Apollo Pharmacy & Netmeds Public Directories,https://www.apollopharmacy.in/search-medicines/oxcarbazepine-300mg-table,63,6.4,3,26,2027-03-19,10,Room Temperature,0
MED0687,Oxcarbazepine 600mg Tablet,Neuropsychiatric & Sedatives,Sun Pharma,standard clinical packaging,Oxcarbazepine 600mg,265.0,Vital,Stable_All_Season,Apollo Pharmacy & Netmeds Public Directories,https://www.apollopharmacy.in/search-medicines/oxcarbazepine-600mg-table,100,6.7,4,36,2028-03-13,10,Room Temperature,0
MED0688,Lamotrigine 50mg Tablet,Neuropsychiatric & Sedatives,Torrent Pharma,standard clinical packaging,Lamotrigine 50mg,110.0,Vital,Stable_All_Season,Apollo Pharmacy & Netmeds Public Directories,https://www.apollopharmacy.in/search-medicines/lamotrigine-50mg-tablet,31,1.1,3,6,2027-08-16,20,Room Temperature,0
MED0689,Lamotrigine 100mg Tablet,Neuropsychiatric & Sedatives,Torrent Pharma,standard clinical packaging,Lamotrigine 100mg,195.0,Vital,Stable_All_Season,Apollo Pharmacy & Netmeds Public Directories,https://www.apollopharmacy.in/search-medicines/lamotrigine-100mg-tablet,122,3.5,2,11,2027-09-15,10,Room Temperature,0
MED0690,Topiramate 25mg Tablet,Neuropsychiatric & Sedatives,Sun Pharma,standard clinical packaging,Topiramate 25mg,85.0,Essential,Stable_All_Season,Apollo Pharmacy & Netmeds Public Directories,https://www.apollopharmacy.in/search-medicines/topiramate-25mg-tablet,63,4.9,10,76,2028-02-12,30,Room Temperature,0
MED0691,Topiramate 50mg Tablet,Neuropsychiatric & Sedatives,Sun Pharma,standard clinical packaging,Topiramate 50mg,145.0,Essential,Stable_All_Season,Apollo Pharmacy & Netmeds Public Directories,https://www.apollopharmacy.in/search-medicines/topiramate-50mg-tablet,82,5.0,6,35,2027-10-15,50,Room Temperature,0
MED0692,Phenytoin Sodium 100mg (Eptoin),Neuropsychiatric & Sedatives,Abbott India,standard clinical packaging,Phenytoin Sodium 100mg (Eptoin),35.0,Vital,Stable_All_Season,Apollo Pharmacy & Netmeds Public Directories,https://www.apollopharmacy.in/search-medicines/phenytoin-sodium-100mg-(e,95,4.4,10,55,2028-01-13,20,Room Temperature,0
MED0693,Phenobarbital 30mg Tablet (Gardenal),Neuropsychiatric & Sedatives,Abbott India,standard clinical packaging,Phenobarbital 30mg,18.0,Vital,Stable_All_Season,Apollo Pharmacy & Netmeds Public Directories,https://www.apollopharmacy.in/search-medicines/phenobarbital-30mg-tablet,10,6.7,6,48,2027-08-16,100,Room Temperature,1
MED0694,Levetiracetam 1000mg Tablet,Neuropsychiatric & Sedatives,Sun Pharma,standard clinical packaging,Levetiracetam 1000mg,320.0,Vital,Stable_All_Season,Apollo Pharmacy & Netmeds Public Directories,https://www.apollopharmacy.in/search-medicines/levetiracetam-1000mg-tabl,91,2.0,3,8,2027-01-18,10,Room Temperature,0
MED0695,Brivaracetam 50mg Tablet,Neuropsychiatric & Sedatives,UCB India,standard clinical packaging,Brivaracetam 50mg,450.0,Vital,Stable_All_Season,Apollo Pharmacy & Netmeds Public Directories,https://www.apollopharmacy.in/search-medicines/brivaracetam-50mg-tablet,1,5.5,7,46,2027-01-18,10,Room Temperature,1
MED0696,Lacosamide 100mg Tablet,Neuropsychiatric & Sedatives,Sun Pharma,standard clinical packaging,Lacosamide 100mg,280.0,Vital,Stable_All_Season,Apollo Pharmacy & Netmeds Public Directories,https://www.apollopharmacy.in/search-medicines/lacosamide-100mg-tablet,88,5.9,4,40,2027-11-14,20,Room Temperature,0
MED0697,Risperidone 2mg Tablet,Neuropsychiatric & Sedatives,Sun Pharma,standard clinical packaging,Risperidone 2mg,48.0,Essential,Stable_All_Season,Apollo Pharmacy & Netmeds Public Directories,https://www.apollopharmacy.in/search-medicines/risperidone-2mg-tablet,2,2.7,4,15,2027-12-14,20,Room Temperature,1
MED0698,Aripiprazole 10mg Tablet,Neuropsychiatric & Sedatives,Sun Pharma,standard clinical packaging,Aripiprazole 10mg,135.0,Essential,Stable_All_Season,Apollo Pharmacy & Netmeds Public Directories,https://www.apollopharmacy.in/search-medicines/aripiprazole-10mg-tablet,81,4.0,8,53,2027-10-15,30,Room Temperature,0
MED0699,Amisulpride 100mg Tablet,Neuropsychiatric & Sedatives,Torrent Pharma,standard clinical packaging,Amisulpride 100mg,165.0,Essential,Stable_All_Season,Apollo Pharmacy & Netmeds Public Directories,https://www.apollopharmacy.in/search-medicines/amisulpride-100mg-tablet,28,8.8,3,45,2028-05-12,10,Room Temperature,0
MED0700,Clozapine 25mg Tablet,Neuropsychiatric & Sedatives,Sun Pharma,standard clinical packaging,Clozapine 25mg,75.0,Vital,Stable_All_Season,Apollo Pharmacy & Netmeds Public Directories,https://www.apollopharmacy.in/search-medicines/clozapine-25mg-tablet,57,8.8,3,42,2027-10-15,30,Room Temperature,0
MED0701,Haloperidol 5mg Tablet,Neuropsychiatric & Sedatives,RPG Life Sciences,standard clinical packaging,Haloperidol 5mg,28.0,Vital,Stable_All_Season,Apollo Pharmacy & Netmeds Public Directories,https://www.apollopharmacy.in/search-medicines/haloperidol-5mg-tablet,95,6.2,4,36,2029-04-07,10,Room Temperature,0
MED0702,Trihexyphenidyl 2mg (Pacitane),Neuropsychiatric & Sedatives,Pfizer India,standard clinical packaging,Trihexyphenidyl 2mg (Pacitane),25.0,Essential,Stable_All_Season,Apollo Pharmacy & Netmeds Public Directories,https://www.apollopharmacy.in/search-medicines/trihexyphenidyl-2mg-(paci,73,4.1,5,25,2027-09-15,20,Room Temperature,0
MED0703,Donepezil 5mg Tablet (Aricept),Neuropsychiatric & Sedatives,Eisai Pharma,standard clinical packaging,Donepezil 5mg,110.0,Essential,Stable_All_Season,Apollo Pharmacy & Netmeds Public Directories,https://www.apollopharmacy.in/search-medicines/donepezil-5mg-tablet-(ari,110,7.4,8,93,2027-10-15,20,Room Temperature,0
MED0704,Donepezil 10mg Tablet,Neuropsychiatric & Sedatives,Eisai Pharma,standard clinical packaging,Donepezil 10mg,195.0,Essential,Stable_All_Season,Apollo Pharmacy & Netmeds Public Directories,https://www.apollopharmacy.in/search-medicines/donepezil-10mg-tablet,76,5.4,4,28,2028-05-12,50,Room Temperature,0
MED0705,Memantine 10mg Tablet,Neuropsychiatric & Sedatives,Sun Pharma,standard clinical packaging,Memantine 10mg,145.0,Essential,Stable_All_Season,Apollo Pharmacy & Netmeds Public Directories,https://www.apollopharmacy.in/search-medicines/memantine-10mg-tablet,151,14.8,4,84,2027-05-18,10,Room Temperature,0
MED0706,Piracetam 400mg Injection,Neuropsychiatric & Sedatives,Dr. Reddy's,standard clinical packaging,Piracetam 400mg,65.0,Desirable,Stable_All_Season,Apollo Pharmacy & Netmeds Public Directories,https://www.apollopharmacy.in/search-medicines/piracetam-400mg-injection,84,5.8,6,42,2028-08-10,50,Room Temperature,0
MED0707,Betahistine 16mg Tablet (Vertin),Neuropsychiatric & Sedatives,Abbott India,standard clinical packaging,Betahistine 16mg,135.0,Essential,Stable_All_Season,Apollo Pharmacy & Netmeds Public Directories,https://www.apollopharmacy.in/search-medicines/betahistine-16mg-tablet-(,102,7.3,8,102,2027-02-17,50,Room Temperature,0
MED0708,Betahistine 24mg Tablet (Vertin),Neuropsychiatric & Sedatives,Abbott India,standard clinical packaging,Betahistine 24mg,210.0,Essential,Stable_All_Season,Apollo Pharmacy & Netmeds Public Directories,https://www.apollopharmacy.in/search-medicines/betahistine-24mg-tablet-(,47,11.1,5,73,2027-02-17,100,Room Temperature,1
MED0709,Cinnarizine 25mg Tablet (Stugeron),Neuropsychiatric & Sedatives,Janssen Biotech,standard clinical packaging,Cinnarizine 25mg,55.0,Essential,Stable_All_Season,Apollo Pharmacy & Netmeds Public Directories,https://www.apollopharmacy.in/search-medicines/cinnarizine-25mg-tablet-(,40,2.0,7,21,2027-12-14,50,Room Temperature,0
MED0710,Gatifloxacin 0.3% Eye Drops,Ophthalmic & ENT,FDC Ltd,standard clinical packaging,Gatifloxacin 0.3% Eye Drops,95.0,Vital,High_Monsoon,Apollo Pharmacy & Netmeds Public Directories,https://www.apollopharmacy.in/search-medicines/gatifloxacin-0.3%-eye-dro,217,8.8,3,34,2027-09-15,20,Room Temperature,0
MED0711,Besifloxacin 0.6% Eye Drops,Ophthalmic & ENT,Sun Pharma,standard clinical packaging,Besifloxacin 0.6% Eye Drops,185.0,Vital,High_Monsoon,Apollo Pharmacy & Netmeds Public Directories,https://www.apollopharmacy.in/search-medicines/besifloxacin-0.6%-eye-dro,221,10.0,3,40,2027-05-18,10,Room Temperature,0
MED0712,Levofloxacin 0.5% Eye Drops,Ophthalmic & ENT,Cipla Ltd,standard clinical packaging,Levofloxacin 0.5% Eye Drops,110.0,Vital,High_Monsoon,Apollo Pharmacy & Netmeds Public Directories,https://www.apollopharmacy.in/search-medicines/levofloxacin-0.5%-eye-dro,28,6.7,2,21,2027-08-16,20,Room Temperature,0
MED0713,Natamycin 5% Eye Drops 5ml,Ophthalmic & ENT,Sun Pharma,standard clinical packaging,Natamycin 5% Eye Drops 5ml,240.0,Vital,High_Monsoon,Apollo Pharmacy & Netmeds Public Directories,https://www.apollopharmacy.in/search-medicines/natamycin-5%-eye-drops-5m,7,3.7,8,41,2027-03-19,30,Room Temperature,1
MED0714,Voriconazole 1% Eye Drops,Ophthalmic & ENT,FDC Ltd,standard clinical packaging,Voriconazole 1% Eye Drops,480.0,Vital,High_Monsoon,Apollo Pharmacy & Netmeds Public Directories,https://www.apollopharmacy.in/search-medicines/voriconazole-1%-eye-drops,118,2.6,6,20,2028-10-09,20,Room Temperature,0
MED0715,Acyclovir 3% Eye Ointment 5g,Ophthalmic & ENT,Cadila Pharma,standard clinical packaging,Acyclovir 3% Eye Ointment 5g,65.0,Vital,High_Monsoon,Apollo Pharmacy & Netmeds Public Directories,https://www.apollopharmacy.in/search-medicines/acyclovir-3%-eye-ointment,78,10.9,4,59,2027-06-17,100,Room Temperature,0
MED0716,Ganciclovir 0.15% Eye Gel 5g,Ophthalmic & ENT,Sun Pharma,standard clinical packaging,Ganciclovir 0.15% Eye Gel 5g,280.0,Vital,High_Monsoon,Apollo Pharmacy & Netmeds Public Directories,https://www.apollopharmacy.in/search-medicines/ganciclovir-0.15%-eye-gel,174,8.0,6,53,2029-04-07,20,Room Temperature,0
MED0717,Dexamethasone 0.1% Eye Drops,Ophthalmic & ENT,Alcon Labs,standard clinical packaging,Dexamethasone 0.1% Eye Drops,45.0,Vital,High_Monsoon,Apollo Pharmacy & Netmeds Public Directories,https://www.apollopharmacy.in/search-medicines/dexamethasone-0.1%-eye-dr,65,5.5,4,36,2028-12-08,20,Room Temperature,0
MED0718,Fluorometholone 0.1% Eye Drops,Ophthalmic & ENT,Allergan India,standard clinical packaging,Fluorometholone 0.1% Eye Drops,135.0,Vital,High_Monsoon,Apollo Pharmacy & Netmeds Public Directories,https://www.apollopharmacy.in/search-medicines/fluorometholone-0.1%-eye-,21,6.2,8,73,2028-09-09,10,Room Temperature,1
MED0719,Loteprednol Etabonate 0.5% Drops,Ophthalmic & ENT,Sun Pharma,standard clinical packaging,Loteprednol Etabonate 0.5% Drops,210.0,Vital,High_Monsoon,Apollo Pharmacy & Netmeds Public Directories,https://www.apollopharmacy.in/search-medicines/loteprednol-etabonate-0.5,98,9.1,5,80,2027-07-17,10,Room Temperature,0
MED0720,Nepafenac 0.1% Eye Drops,Ophthalmic & ENT,Alcon Labs,standard clinical packaging,Nepafenac 0.1% Eye Drops,175.0,Essential,High_Summer,Apollo Pharmacy & Netmeds Public Directories,https://www.apollopharmacy.in/search-medicines/nepafenac-0.1%-eye-drops,44,9.4,5,52,2029-05-07,100,Room Temperature,1
MED0721,Bromfenac 0.09% Eye Drops,Ophthalmic & ENT,Sun Pharma,standard clinical packaging,Bromfenac 0.09% Eye Drops,195.0,Essential,High_Summer,Apollo Pharmacy & Netmeds Public Directories,https://www.apollopharmacy.in/search-medicines/bromfenac-0.09%-eye-drops,403,7.2,7,59,2029-02-06,30,Room Temperature,0
MED0722,Cyclopentolate 1% Eye Drops,Ophthalmic & ENT,FDC Ltd,standard clinical packaging,Cyclopentolate 1% Eye Drops,65.0,Essential,Stable_All_Season,Apollo Pharmacy & Netmeds Public Directories,https://www.apollopharmacy.in/search-medicines/cyclopentolate-1%-eye-dro,2,2.3,8,22,2029-01-07,50,Room Temperature,1
MED0723,Tropicamide 1% Eye Drops,Ophthalmic & ENT,Sun Pharma,standard clinical packaging,Tropicamide 1% Eye Drops,75.0,Essential,Stable_All_Season,Apollo Pharmacy & Netmeds Public Directories,https://www.apollopharmacy.in/search-medicines/tropicamide-1%-eye-drops,117,7.7,4,44,2028-02-12,50,Room Temperature,0
MED0724,Atropine Sulphate 1% Eye Drops,Ophthalmic & ENT,FDC Ltd,standard clinical packaging,Atropine Sulphate 1% Eye Drops,48.0,Vital,Stable_All_Season,Apollo Pharmacy & Netmeds Public Directories,https://www.apollopharmacy.in/search-medicines/atropine-sulphate-1%-eye-,31,1.3,4,8,2028-11-08,30,Room Temperature,0
MED0725,Homatropine 2% Eye Drops,Ophthalmic & ENT,Javeline Pharma,standard clinical packaging,Homatropine 2% Eye Drops,55.0,Essential,Stable_All_Season,Apollo Pharmacy & Netmeds Public Directories,https://www.apollopharmacy.in/search-medicines/homatropine-2%-eye-drops,53,4.0,6,36,2028-09-09,50,Room Temperature,0
MED0726,Pilocarpine 2% Eye Drops,Ophthalmic & ENT,FDC Ltd,standard clinical packaging,Pilocarpine 2% Eye Drops,65.0,Vital,Stable_All_Season,Apollo Pharmacy & Netmeds Public Directories,https://www.apollopharmacy.in/search-medicines/pilocarpine-2%-eye-drops,42,7.6,8,100,2028-03-13,10,Room Temperature,1
MED0727,Brimonidine Tartrate 0.15% Drops,Ophthalmic & ENT,Allergan India,standard clinical packaging,Brimonidine Tartrate 0.15% Drops,260.0,Vital,Stable_All_Season,Apollo Pharmacy & Netmeds Public Directories,https://www.apollopharmacy.in/search-medicines/brimonidine-tartrate-0.15,4,18.6,2,49,2027-07-17,20,Room Temperature,1
MED0728,Brimonidine + Timolol 0.2/0.5,Ophthalmic & ENT,Allergan India,standard clinical packaging,Brimonidine + Timolol 0.2/0.5,380.0,Vital,Stable_All_Season,Apollo Pharmacy & Netmeds Public Directories,https://www.apollopharmacy.in/search-medicines/brimonidine-+-timolol-0.2,6,2.4,3,10,2028-12-08,20,Room Temperature,1
MED0729,Dorzolamide 2% Eye Drops,Ophthalmic & ENT,Sun Pharma,standard clinical packaging,Dorzolamide 2% Eye Drops,290.0,Vital,Stable_All_Season,Apollo Pharmacy & Netmeds Public Directories,https://www.apollopharmacy.in/search-medicines/dorzolamide-2%-eye-drops,376,10.4,4,68,2026-12-19,20,Room Temperature,0
MED0730,Brinzolamide 1% Eye Drops,Ophthalmic & ENT,Alcon Labs,standard clinical packaging,Brinzolamide 1% Eye Drops,420.0,Vital,Stable_All_Season,Apollo Pharmacy & Netmeds Public Directories,https://www.apollopharmacy.in/search-medicines/brinzolamide-1%-eye-drops,22,6.2,5,41,2027-09-15,50,Room Temperature,1
MED0731,Latanoprost 0.005% Eye Drops,Ophthalmic & ENT,Pfizer India,standard clinical packaging,Latanoprost 0.005% Eye Drops,490.0,Vital,Stable_All_Season,Apollo Pharmacy & Netmeds Public Directories,https://www.apollopharmacy.in/search-medicines/latanoprost-0.005%-eye-dr,66,4.4,3,16,2029-02-06,20,Room Temperature,0
MED0732,Travoprost 0.004% Eye Drops,Ophthalmic & ENT,Alcon Labs,standard clinical packaging,Travoprost 0.004% Eye Drops,520.0,Vital,Stable_All_Season,Apollo Pharmacy & Netmeds Public Directories,https://www.apollopharmacy.in/search-medicines/travoprost-0.004%-eye-dro,2,1.0,5,7,2029-03-08,10,Room Temperature,1
MED0733,Tafluprost 0.0015% Preservative Free,Ophthalmic & ENT,Santen Pharma,standard clinical packaging,Tafluprost 0.0015% Preservative Free,680.0,Vital,Stable_All_Season,Apollo Pharmacy & Netmeds Public Directories,https://www.apollopharmacy.in/search-medicines/tafluprost-0.0015%-preser,75,3.9,6,34,2027-11-14,20,Room Temperature,0
MED0734,Polyethylene Glycol + Propylene Glycol (Systane),Ophthalmic & ENT,Alcon Labs,standard clinical packaging,Polyethylene Glycol + Propylene Glycol (Systane),285.0,Essential,High_Summer,Apollo Pharmacy & Netmeds Public Directories,https://www.apollopharmacy.in/search-medicines/polyethylene-glycol-+-pro,5,6.0,3,21,2028-05-12,20,Room Temperature,1
MED0735,Hydroxypropyl Methylcellulose 0.3%,Ophthalmic & ENT,Cipla Ltd,standard clinical packaging,Hydroxypropyl Methylcellulose 0.3%,95.0,Essential,High_Summer,Apollo Pharmacy & Netmeds Public Directories,https://www.apollopharmacy.in/search-medicines/hydroxypropyl-methylcellu,157,12.8,6,137,2027-10-15,30,Room Temperature,0
MED0736,Carboxymethylcellulose 1% Gel Drops,Ophthalmic & ENT,Allergan India,standard clinical packaging,Carboxymethylcellulose 1% Gel Drops,175.0,Essential,High_Summer,Apollo Pharmacy & Netmeds Public Directories,https://www.apollopharmacy.in/search-medicines/carboxymethylcellulose-1%,1,4.9,4,31,2027-06-17,10,Room Temperature,1
MED0737,Sodium Hyaluronate 0.18% Drops,Ophthalmic & ENT,Sun Pharma,standard clinical packaging,Sodium Hyaluronate 0.18% Drops,340.0,Desirable,High_Summer,Apollo Pharmacy & Netmeds Public Directories,https://www.apollopharmacy.in/search-medicines/sodium-hyaluronate-0.18%-,118,4.1,7,46,2028-09-09,10,Room Temperature,0
MED0738,Trehalose + Sodium Hyaluronate,Ophthalmic & ENT,Thea Pharma,standard clinical packaging,Trehalose + Sodium Hyaluronate,480.0,Desirable,High_Summer,Apollo Pharmacy & Netmeds Public Directories,https://www.apollopharmacy.in/search-medicines/trehalose-+-sodium-hyalur,19,7.2,6,54,2028-08-10,20,Room Temperature,1
MED0739,Cyclosporine 0.05% Eye Emulsion (Restasis),Ophthalmic & ENT,Allergan India,standard clinical packaging,Cyclosporine 0.05% Eye Emulsion (Restasis),890.0,Vital,Stable_All_Season,Apollo Pharmacy & Netmeds Public Directories,https://www.apollopharmacy.in/search-medicines/cyclosporine-0.05%-eye-em,4,6.3,2,21,2028-09-09,20,Room Temperature,1
MED0740,Paradichlorobenzene + Benzocaine Ear Drops,Ophthalmic & ENT,Cipla Ltd,standard clinical packaging,Paradichlorobenzene + Benzocaine Ear Drops,75.0,Desirable,High_Winter,Apollo Pharmacy & Netmeds Public Directories,https://www.apollopharmacy.in/search-medicines/paradichlorobenzene-+-ben,3,1.6,6,14,2028-01-13,10,Room Temperature,1
MED0741,Gentamicin + Betamethasone Ear Drops,Ophthalmic & ENT,FDC Ltd,standard clinical packaging,Gentamicin + Betamethasone Ear Drops,55.0,Essential,High_Monsoon,Apollo Pharmacy & Netmeds Public Directories,https://www.apollopharmacy.in/search-medicines/gentamicin-+-betamethason,3,8.3,5,50,2027-04-18,10,Room Temperature,1
MED0742,Ofloxacin + Beclomethasone Ear Drops,Ophthalmic & ENT,Mankind Pharma,standard clinical packaging,Ofloxacin + Beclomethasone Ear Drops,85.0,Essential,High_Monsoon,Apollo Pharmacy & Netmeds Public Directories,https://www.apollopharmacy.in/search-medicines/ofloxacin-+-beclomethason,51,2.8,4,20,2027-06-17,30,Room Temperature,0
MED0743,Clotrimazole + Lignocaine Ear Drops,Ophthalmic & ENT,Sun Pharma,standard clinical packaging,Clotrimazole + Lignocaine Ear Drops,68.0,Essential,High_Monsoon,Apollo Pharmacy & Netmeds Public Directories,https://www.apollopharmacy.in/search-medicines/clotrimazole-+-lignocaine,201,6.5,10,83,2028-05-12,20,Room Temperature,0
MED0744,Boric Acid + Alcohol Ear Drops,Ophthalmic & ENT,Neon Labs,standard clinical packaging,Boric Acid + Alcohol Ear Drops,38.0,Desirable,High_Monsoon,Apollo Pharmacy & Netmeds Public Directories,https://www.apollopharmacy.in/search-medicines/boric-acid-+-alcohol-ear-,3,2.6,4,13,2028-02-12,20,Room Temperature,1
MED0745,Oxymetazoline 0.05% Nasal Drops,Ophthalmic & ENT,Merck India,standard clinical packaging,Oxymetazoline 0.05% Nasal Drops,72.0,Vital,High_Winter,Apollo Pharmacy & Netmeds Public Directories,https://www.apollopharmacy.in/search-medicines/oxymetazoline-0.05%-nasal,33,8.3,4,55,2028-01-13,20,Room Temperature,1
MED0746,Sodium Chloride 0.65% Nasal Spray,Ophthalmic & ENT,Sun Pharma,standard clinical packaging,Sodium Chloride 0.65% Nasal Spray,65.0,Essential,High_Winter,Apollo Pharmacy & Netmeds Public Directories,https://www.apollopharmacy.in/search-medicines/sodium-chloride-0.65%-nas,108,4.6,6,30,2028-02-12,20,Room Temperature,0
MED0747,Triamcinolone Acetonide Nasal Spray,Ophthalmic & ENT,Sanofi India,standard clinical packaging,Triamcinolone Acetonide Nasal Spray,290.0,Vital,High_Winter,Apollo Pharmacy & Netmeds Public Directories,https://www.apollopharmacy.in/search-medicines/triamcinolone-acetonide-n,3,3.5,4,19,2027-06-17,30,Room Temperature,1
MED0748,Ciclesonide Nasal Spray 50mcg,Ophthalmic & ENT,Cipla Ltd,standard clinical packaging,Ciclesonide Nasal Spray 50mcg,340.0,Vital,High_Winter,Apollo Pharmacy & Netmeds Public Directories,https://www.apollopharmacy.in/search-medicines/ciclesonide-nasal-spray-5,103,8.6,3,43,2027-11-14,30,Room Temperature,0
MED0749,Cistus Incanus Throat Spray 30ml,Ophthalmic & ENT,Dr. Willmar Schwabe,standard clinical packaging,Cistus Incanus Throat Spray 30ml,280.0,Desirable,High_Winter,Apollo Pharmacy & Netmeds Public Directories,https://www.apollopharmacy.in/search-medicines/cistus-incanus-throat-spr,85,8.4,3,35,2029-03-08,20,Room Temperature,0
MED0750,Crocin 650mg Tablet (Forte / Max Strength),Analgesics & Antipyretics,GlaxoSmithKline India Pvt. Ltd.,strip of 15 tablets,Paracetamol (650mg),46.81,Essential,Stable_All_Season,Tata 1mg & Netmeds Essential Formulary,https://www.1mg.com/drugs/crocin-650mg-tablet-90532,333,15.2,4,87,2027-11-14,50,Room Temperature,0
MED0751,cEFix 100 Tablet (Forte / Max Strength),Antibiotics,Cipla Ltd,strip of 10 tablets,Cefixime (100mg),189.05,Essential,High_Monsoon,Tata 1mg & Netmeds Essential Formulary,https://www.1mg.com/drugs/cefix-100-tablet-111528,659,24.5,10,385,2029-04-07,30,Room Temperature,0
MED0752,Tenepla Tablet (Forte / Max Strength),Antidiabetics,Cipla Ltd,strip of 10 tablets,Teneligliptin (20mg),156.08,Essential,Stable_All_Season,Tata 1mg & Netmeds Essential Formulary,https://www.1mg.com/drugs/tenepla-tablet-410295,4,7.4,4,50,2029-02-06,20,Room Temperature,1
MED0753,Metffil G2 Tablet PR (Forte / Max Strength),Antidiabetics,Fourrts India Laboratories Pvt Ltd,strip of 10 Tablet pr,Glimepiride (2mg) + Metformin (500mg),92.44,Essential,Stable_All_Season,Tata 1mg & Netmeds Essential Formulary,https://www.1mg.com/drugs/metffil-g2-tablet-pr-317851,45,5.6,4,26,2027-09-15,20,Room Temperature,0
MED0754,Diltanol 90mg Tablet SR (Forte / Max Strength),Cardiovascular & Antihypertensives,Knoll Pharmaceuticals Ltd,strip of 10 tablet sr,Diltiazem (90mg),168.92,Essential,High_Winter,Tata 1mg & Netmeds Essential Formulary,https://www.1mg.com/drugs/diltanol-90mg-tablet-sr-564383,260,16.5,5,92,2027-06-17,30,Room Temperature,0
MED0755,Mefen P DS Oral Suspension (Forte / Max Strength),Analgesics & Antipyretics,Pelzar Healthcare,bottle of 60 ml Oral Suspension,Mefenamic Acid (100mg) + Paracetamol (250mg),61.18,Desirable,Stable_All_Season,Tata 1mg & Netmeds Essential Formulary,https://www.1mg.com/drugs/mefen-p-ds-oral-suspension-609150,134,8.9,6,59,2028-02-12,20,Room Temperature,0
MED0756,Dolokind Plus Tablet (Forte / Max Strength),Analgesics & Antipyretics,Mankind Pharma Ltd,strip of 15 tablets,Aceclofenac (100mg) + Paracetamol (325mg),123.76,Essential,Stable_All_Season,Tata 1mg & Netmeds Essential Formulary,https://www.1mg.com/drugs/dolokind-plus-tablet-509373,263,32.8,5,203,2029-01-07,20,Room Temperature,0
MED0757,Becozinc-M Tablet (Forte / Max Strength),Vitamins & Mineral Supplements,Dr Reddy's Laboratories Ltd,strip of 10 tablets,Methylcobalamin (1500mcg) + Alpha Lipoic Acid (100mg) + Vitamin B6 (Pyridoxine) (3mg) + Folic Acid (1.5mg) + Vitamin D3 (1000IU),228.4,Essential,Stable_All_Season,Tata 1mg & Netmeds Essential Formulary,https://www.1mg.com/drugs/becozinc-m-tablet-636551,74,4.8,6,39,2027-09-15,10,Room Temperature,0
MED0758,OFLox Eye/Ear Drop (Forte / Max Strength),Antibiotics,Cipla Ltd,bottle of 5 ml Ophthalmic Solution,Ofloxacin (0.3% w/v),73.41,Desirable,High_Monsoon,Tata 1mg & Netmeds Essential Formulary,https://www.1mg.com/drugs/oflox-eye-ear-drop-121852,4,11.5,7,119,2029-01-07,20,Room Temperature,1
MED0759,Acebrobid SR Tablet (Forte / Max Strength),Respiratory & Antiasthmatics,Dr Reddy's Laboratories Ltd,strip of 10 tablet sr,Acebrophylline (200mg),313.3,Essential,High_Winter,Tata 1mg & Netmeds Essential Formulary,https://www.1mg.com/drugs/acebrobid-sr-tablet-205614,112,5.0,7,61,2027-02-17,30,Room Temperature,0
MED0760,Augmentin DDS Suspension (Forte / Max Strength),Antibiotics,Glaxo SmithKline Pharmaceuticals Ltd,bottle of 30 ml Oral Suspension,Amoxycillin  (400mg/5ml) +  Clavulanic Acid (57mg/5ml),312.62,Desirable,High_Monsoon,Tata 1mg & Netmeds Essential Formulary,https://www.1mg.com/drugs/augmentin-dds-suspension-63460,40,19.5,5,155,2029-02-06,20,Room Temperature,1
MED0761,Augmentin Duo Oral Suspension (Forte / Max Strength),Antibiotics,Glaxo SmithKline Pharmaceuticals Ltd,bottle of 30 ml Oral Suspension,Amoxycillin  (200mg) +  Clavulanic Acid (28.5mg),93.41,Desirable,High_Monsoon,Tata 1mg & Netmeds Essential Formulary,https://www.1mg.com/drugs/augmentin-duo-oral-suspension-324979,463,19.2,7,190,2027-08-16,20,Room Temperature,0
MED0762,Clindac A 1% Gel (Forte / Max Strength),Antibiotics,Alkem Laboratories Ltd,tube of 20 gm Gel,Clindamycin (1% w/w),365.4,Desirable,High_Monsoon,Tata 1mg & Netmeds Essential Formulary,https://www.1mg.com/drugs/clindac-a-1-gel-511899,869,38.3,8,473,2026-12-19,20,Room Temperature,0
MED0763,BisoneXT 5mg Tablet (Forte / Max Strength),Cardiovascular & Antihypertensives,Lupin Ltd,strip of 15 tablets,Bisoprolol (5mg),259.55,Essential,High_Winter,Tata 1mg & Netmeds Essential Formulary,https://www.1mg.com/drugs/bisonext-5mg-tablet-630856,291,14.4,6,136,2028-10-09,20,Room Temperature,0
MED0764,Nebicard-SM Tablet (Forte / Max Strength),Cardiovascular & Antihypertensives,Torrent Pharmaceuticals Ltd,strip of 10 tablets,Nebivolol (5mg) + S-Amlodipine (2.5mg),362.5,Vital,High_Winter,Tata 1mg & Netmeds Essential Formulary,https://www.1mg.com/drugs/nebicard-sm-tablet-65555,208,13.4,7,151,2029-05-07,20,Room Temperature,0
MED0765,Calaptin 40 Tablet (Forte / Max Strength),Dermatological & Topicals,Abbott,strip of 30 tablets,Verapamil (40mg),39.73,Essential,Stable_All_Season,Tata 1mg & Netmeds Essential Formulary,https://www.1mg.com/drugs/calaptin-40-tablet-554273,143,2.9,6,28,2028-04-12,30,Room Temperature,0
MED0766,Cefi XL + Tablet IR (Forte / Max Strength),Antibiotics,Abbott,strip of 10 tablet mr,Cefixime (200mg) + Dicloxacillin (500mg) + Lactobacillus (2.5Billion Spores),369.59,Essential,High_Monsoon,Tata 1mg & Netmeds Essential Formulary,https://www.1mg.com/drugs/cefi-xl-tablet-ir-845117,545,11.5,7,138,2028-07-11,10,Room Temperature,0
MED0767,Ferrogen-XT Tablet For Folic acid Deficiency (Forte / Max Strength),Vitamins & Mineral Supplements,Intas Pharmaceuticals Ltd,strip of 10 tablets,Ferrous Ascorbate (100mg) + Folic Acid (1.5mg),220.89,Essential,Stable_All_Season,Tata 1mg & Netmeds Essential Formulary,https://www.1mg.com/drugs/ferrogen-xt-tablet-for-folic-acid-deficiency-170263,5,1.5,6,16,2027-11-14,10,Room Temperature,1
MED0768,Enal 5mg Tablet (Forte / Max Strength),Cardiovascular & Antihypertensives,East West Pharma,strip of 10 tablets,Enalapril (5mg),45.82,Essential,High_Winter,Tata 1mg & Netmeds Essential Formulary,https://www.1mg.com/drugs/enal-5mg-tablet-336482,411,8.8,7,99,2027-05-18,30,Room Temperature,0
MED0769,Deriphyllin Retard 300 Tablet PR (Forte / Max Strength),Respiratory & Antiasthmatics,Zydus Cadila,strip of 30 Tablet pr,Etofylline (231mg) + Theophylline (69mg),93.42,Essential,High_Winter,Tata 1mg & Netmeds Essential Formulary,https://www.1mg.com/drugs/deriphyllin-retard-300-tablet-pr-64064,62,3.2,6,23,2028-03-13,30,Room Temperature,0
MED0770,Bisobis 2.5mg Tablet (Forte / Max Strength),Cardiovascular & Antihypertensives,Corona Remedies Pvt Ltd,strip of 10 tablets,Bisoprolol (2.5mg),79.52,Essential,High_Winter,Tata 1mg & Netmeds Essential Formulary,https://www.1mg.com/drugs/bisobis-2.5mg-tablet-702323,255,11.5,6,113,2027-04-18,20,Room Temperature,0
MED0771,Fusiwal B Cream (Forte / Max Strength),Dermatological & Topicals,Wallace Pharmaceuticals Pvt Ltd,tube of 10 gm Cream,Beclometasone (0.025% w/w) + Fusidic Acid (2% w/w),340.75,Desirable,Stable_All_Season,Tata 1mg & Netmeds Essential Formulary,https://www.1mg.com/drugs/fusiwal-b-cream-280547,112,5.5,7,49,2028-01-13,30,Room Temperature,0
MED0772,Tenefit-M Tablet SR (Forte / Max Strength),Antidiabetics,Systopic Laboratories Pvt Ltd,strip of 15 tablet sr,Metformin (500mg) + Teneligliptin (20mg),205.94,Essential,Stable_All_Season,Tata 1mg & Netmeds Essential Formulary,https://www.1mg.com/drugs/tenefit-m-tablet-sr-583975,49,6.2,6,42,2028-09-09,10,Room Temperature,0
MED0773,Azithral 200 Liquid (Forte / Max Strength),Antibiotics,Alembic Pharmaceuticals Ltd,bottle of 15 ml Oral Suspension,Azithromycin (200mg/5ml),79.71,Essential,High_Monsoon,Tata 1mg & Netmeds Essential Formulary,https://www.1mg.com/drugs/azithral-200-liquid-134462,1422,35.4,6,294,2027-01-18,10,Room Temperature,0
MED0774,Metosartan 50 Tablet ER (Forte / Max Strength),Cardiovascular & Antihypertensives,Sun Pharmaceutical Industries Ltd,strip of 10 tablet er,Telmisartan (40mg) + Metoprolol Succinate (50mg),319.0,Essential,High_Winter,Tata 1mg & Netmeds Essential Formulary,https://www.1mg.com/drugs/metosartan-50-tablet-er-154227,149,7.3,7,80,2027-05-18,50,Room Temperature,0
MED0775,Pioglar-G Tablet (Forte / Max Strength),Antidiabetics,Sun Pharmaceutical Industries Ltd,strip of 10 tablets,Pioglitazone (15mg) + Glimepiride (2mg),244.69,Essential,Stable_All_Season,Tata 1mg & Netmeds Essential Formulary,https://www.1mg.com/drugs/pioglar-g-tablet-66025,199,10.8,6,77,2028-08-10,20,Room Temperature,0
MED0776,Atorlip-F Tablet (Forte / Max Strength),Cardiovascular & Antihypertensives,Cipla Ltd,strip of 15 tablets,Atorvastatin (10mg) + Fenofibrate (145mg),729.9,Essential,High_Winter,Tata 1mg & Netmeds Essential Formulary,https://www.1mg.com/drugs/atorlip-f-tablet-330974,28,12.6,5,91,2028-04-12,50,Room Temperature,1
MED0777,BisoneXT 2.5mg Tablet (Forte / Max Strength),Cardiovascular & Antihypertensives,Lupin Ltd,strip of 15 tablets,Bisoprolol (2.5mg),191.62,Essential,High_Winter,Tata 1mg & Netmeds Essential Formulary,https://www.1mg.com/drugs/bisonext-2.5mg-tablet-630617,87,10.1,5,69,2028-07-11,20,Room Temperature,0
MED0778,Pioglit MF 15 Tablet ER (Forte / Max Strength),Antidiabetics,Sun Pharmaceutical Industries Ltd,strip of 10 tablet er,Pioglitazone (15mg) + Metformin (500mg),207.99,Essential,Stable_All_Season,Tata 1mg & Netmeds Essential Formulary,https://www.1mg.com/drugs/pioglit-mf-15-tablet-er-113806,176,7.7,6,51,2027-03-19,10,Room Temperature,0
MED0779,Gelupin O Syrup (Forte / Max Strength),Gastrointestinal,Lupin Ltd,bottle of 200 ml Syrup,Oxetacaine (10mg/5ml) + Aluminium Hydroxide (0.291mg/5ml) + Milk Of Magnesia (98mg/5ml),203.91,Desirable,High_Monsoon,Tata 1mg & Netmeds Essential Formulary,https://www.1mg.com/drugs/gelupin-o-syrup-734565,25,20.5,4,135,2027-06-17,50,Room Temperature,1
MED0780,Clindakem A Gel (Forte / Max Strength),Antibiotics,Alkem Laboratories Ltd,tube of 20 gm Gel,Adapalene (NA) + Clindamycin (NA),270.43,Desirable,High_Monsoon,Tata 1mg & Netmeds Essential Formulary,https://www.1mg.com/drugs/clindakem-a-gel-194674,317,27.9,6,271,2029-04-07,30,Room Temperature,0
MED0781,Orsivit LC Tablet (Forte / Max Strength),Gastrointestinal,Orsim Pharma,strip of 10 tablets,Levo-carnitine (200mg) + Vitamin E (150mg),61.18,Essential,High_Monsoon,Tata 1mg & Netmeds Essential Formulary,https://www.1mg.com/drugs/orsivit-lc-tablet-426085,399,21.4,7,242,2027-07-17,10,Room Temperature,0
MED0782,Lopez 2mg Tablet (Forte / Max Strength),Gastrointestinal,Intas Pharmaceuticals Ltd,strip of 10 tablets,Lorazepam (2mg),34.65,Essential,High_Monsoon,Tata 1mg & Netmeds Essential Formulary,https://www.1mg.com/drugs/lopez-2mg-tablet-59442,762,14.8,8,168,2029-01-07,30,Room Temperature,0
MED0783,Sitared-M Tablet 50/500 (Forte / Max Strength),Antidiabetics,Sun Pharmaceutical Industries Ltd,strip of 15 tablets,Sitagliptin  (50mg) +  Metformin (500mg),279.85,Essential,Stable_All_Season,Tata 1mg & Netmeds Essential Formulary,https://www.1mg.com/drugs/sitared-m-tablet-50-500-776127,77,9.5,12,181,2027-05-18,30,Room Temperature,1
MED0784,Doxypal DR-L Capsule (Forte / Max Strength),Antibiotics,Jagsonpal Pharmaceuticals Ltd,strip of 10 capsules,Doxycycline (100mg) + Lactobacillus (5Billion Spores),176.64,Essential,High_Monsoon,Tata 1mg & Netmeds Essential Formulary,https://www.1mg.com/drugs/doxypal-dr-l-capsule-6006,83,17.7,3,87,2029-02-06,30,Room Temperature,0
MED0785,Clotan Capsule (Forte / Max Strength),Dermatological & Topicals,Torrent Pharmaceuticals Ltd,strip of 10 capsules,Tolfenamic Acid (200mg),303.12,Essential,Stable_All_Season,Tata 1mg & Netmeds Essential Formulary,https://www.1mg.com/drugs/clotan-capsule-75296,4,3.2,6,23,2028-07-11,20,Room Temperature,1
MED0786,"Shelcal - HD Tablet with Calcium & Vitamin D3 | Bone, Joint & Muscle Care (Forte / Max Strength)",Vitamins & Mineral Supplements,Torrent Pharmaceuticals Ltd,strip of 15 tablets,Calcium (500mg) + Vitamin D3 (500IU),247.81,Essential,Stable_All_Season,Tata 1mg & Netmeds Essential Formulary,https://www.1mg.com/drugs/shelcal-hd-tablet-with-calcium-vitamin-d3-bone-joint-muscle-care-113885,120,2.5,7,26,2028-11-08,20,Room Temperature,0
MED0787,diclogeM Tablet (Forte / Max Strength),Analgesics & Antipyretics,Omega Pharmaceuticals Pvt Ltd,strip of 10 tablets,Diclofenac (50mg) + Paracetamol (325mg),41.18,Essential,Stable_All_Season,Tata 1mg & Netmeds Essential Formulary,https://www.1mg.com/drugs/diclogem-tablet-324846,349,21.0,7,256,2027-09-15,50,Room Temperature,0
MED0788,Gelusid-M Oral Suspension Mint (Forte / Max Strength),Gastrointestinal,Medlock Healthcare Pvt Ltd,bottle of 170 ml Oral Suspension,Magaldrate (400mg) + Simethicone (20mg),65.25,Desirable,High_Monsoon,Tata 1mg & Netmeds Essential Formulary,https://www.1mg.com/drugs/gelusid-m-oral-suspension-mint-494378,175,14.3,4,95,2028-11-08,20,Room Temperature,0
MED0789,Cephaxin 500mg Capsule (Forte / Max Strength),Antibiotics,Biochem Pharmaceutical Industries,strip of 10 capsules,Cefalexin (500mg),221.17,Essential,High_Monsoon,Tata 1mg & Netmeds Essential Formulary,https://www.1mg.com/drugs/cephaxin-500mg-capsule-260466,193,10.5,5,92,2028-04-12,20,Room Temperature,0
MED0790,Becocnx PM Tablet (Forte / Max Strength),Vitamins & Mineral Supplements,CNX Healthcare Pvt Ltd,strip of 10 tablets,Alpha Lipoic Acid (300mg) + Folic Acid (0.5mg) + Methylcobalamin (750mcg) + Pregabalin (75mg) + Vitamin B6 (Pyridoxine) (10mg),342.56,Essential,Stable_All_Season,Tata 1mg & Netmeds Essential Formulary,https://www.1mg.com/drugs/becocnx-pm-tablet-598354,323,8.9,6,68,2027-03-19,50,Room Temperature,0
MED0791,Empar 650mg Tablet (Forte / Max Strength),Antidiabetics,Symbiosis Life Sciences Limited,strip of 10 tablets,Paracetamol (650mg),26.51,Essential,Stable_All_Season,Tata 1mg & Netmeds Essential Formulary,https://www.1mg.com/drugs/empar-650mg-tablet-767755,221,11.5,7,118,2028-12-08,30,Room Temperature,0
MED0792,Orsik TM Tablet (Forte / Max Strength),Gastrointestinal,Ornate Labs Pvt Ltd,strip of 10 tablets,Tranexamic Acid (NA) + Mefenamic Acid (NA),265.07,Essential,High_Monsoon,Tata 1mg & Netmeds Essential Formulary,https://www.1mg.com/drugs/orsik-tm-tablet-257179,131,10.9,6,102,2026-12-19,30,Room Temperature,0
MED0793,Zincoderm-GM Neo Cream (Forte / Max Strength),Vitamins & Mineral Supplements,Apex Laboratories Pvt Ltd,tube of 15 gm Cream,Clobetasol (0.05% w/w) + Miconazole (2% w/w) + Neomycin (0.5% w/w),102.49,Desirable,Stable_All_Season,Tata 1mg & Netmeds Essential Formulary,https://www.1mg.com/drugs/zincoderm-gm-neo-cream-328264,75,4.5,5,38,2027-12-14,20,Room Temperature,0
MED0794,Clopitab-CV 10 Capsule (Forte / Max Strength),Cardiovascular & Antihypertensives,Lupin Ltd,strip of 15 capsules,Atorvastatin (10mg) + Clopidogrel (75mg),438.26,Essential,High_Winter,Tata 1mg & Netmeds Essential Formulary,https://www.1mg.com/drugs/clopitab-cv-10-capsule-460916,37,8.0,6,56,2027-05-18,20,Room Temperature,1
MED0795,Clarigard  250 Tablet (Forte / Max Strength),Antibiotics,Macleods Pharmaceuticals Pvt Ltd,strip of 10 tablets,Clarithromycin (250mg),288.65,Essential,High_Monsoon,Tata 1mg & Netmeds Essential Formulary,https://www.1mg.com/drugs/clarigard-250-tablet-324568,308,12.1,5,97,2028-12-08,10,Room Temperature,0
MED0796,Doxybond-LB Capsule (Forte / Max Strength),Antibiotics,Brinton Pharmaceuticals Pvt Ltd,strip of 10 capsules,Doxycycline (100mg) + Lactobacillus (5Billion Spores),193.04,Essential,High_Monsoon,Tata 1mg & Netmeds Essential Formulary,https://www.1mg.com/drugs/doxybond-lb-capsule-335559,53,17.7,5,124,2027-10-15,20,Room Temperature,1
MED0797,nEBIcard 5 Tablet (Forte / Max Strength),Cardiovascular & Antihypertensives,Torrent Pharmaceuticals Ltd,strip of 10 tablets,Nebivolol (5mg),282.75,Vital,High_Winter,Tata 1mg & Netmeds Essential Formulary,https://www.1mg.com/drugs/nebicard-5-tablet-20141,35,8.6,4,46,2028-10-09,30,Room Temperature,0
MED0798,Empara Forte Tablet (Forte / Max Strength),Antidiabetics,Signature Phytochemical Industries,strip of 10 tablets,Paracetamol (650mg),26.35,Essential,Stable_All_Season,Tata 1mg & Netmeds Essential Formulary,https://www.1mg.com/drugs/empara-forte-tablet-539916,88,7.4,5,61,2028-11-08,20,Room Temperature,0
MED0799,Dolonex DT 20mg Tablet (Forte / Max Strength),Analgesics & Antipyretics,Pfizer Ltd,strip of 15 tablet dt,Piroxicam (20mg),389.75,Essential,Stable_All_Season,Tata 1mg & Netmeds Essential Formulary,https://www.1mg.com/drugs/dolonex-dt-20mg-tablet-344363,366,19.7,3,76,2027-10-15,50,Room Temperature,0
MED0800,Fusirose Lotion (Forte / Max Strength),Dermatological & Topicals,Alaxia Healthcare,bottle of 15 ml Lotion,Fusidic Acid (2% w/w),286.81,Desirable,Stable_All_Season,Tata 1mg & Netmeds Essential Formulary,https://www.1mg.com/drugs/fusirose-lotion-410636,26,18.8,5,123,2027-02-17,30,Room Temperature,1
MED0801,Orsipram C 0.5mg/10mg Tablet (Forte / Max Strength),Gastrointestinal,Orsim Pharma,strip of 10 tablets,Clonazepam (0.5mg) + Escitalopram Oxalate (10mg),115.55,Essential,High_Monsoon,Tata 1mg & Netmeds Essential Formulary,https://www.1mg.com/drugs/orsipram-c-0.5mg-10mg-tablet-854573,300,21.1,6,205,2028-11-08,30,Room Temperature,0
MED0802,MetoLAR XR 25 Capsule (Forte / Max Strength),Cardiovascular & Antihypertensives,Cipla Ltd,strip of 15 capsule er,Metoprolol Succinate (23.75mg),123.48,Essential,High_Winter,Tata 1mg & Netmeds Essential Formulary,https://www.1mg.com/drugs/metolar-xr-25-capsule-297319,349,6.3,7,60,2027-01-18,20,Room Temperature,0
MED0803,Cremalax Tablet (Forte / Max Strength),Gastrointestinal,Abbott,strip of 6 tablets,Sodium Picosulfate (10mg),133.56,Essential,High_Monsoon,Tata 1mg & Netmeds Essential Formulary,https://www.1mg.com/drugs/cremalax-tablet-659600,59,36.1,4,182,2027-11-14,30,Room Temperature,1
MED0804,Dicy M 10mg/250mg Tablet (Forte / Max Strength),Gastrointestinal,Lexicon Biotech India Ltd,strip of 10 tablets,Dicyclomine (10mg) + Mefenamic Acid (250mg),32.62,Essential,High_Monsoon,Tata 1mg & Netmeds Essential Formulary,https://www.1mg.com/drugs/dicy-m-10mg-250mg-tablet-434750,242,20.1,7,179,2028-03-13,20,Room Temperature,0
MED0805,Ramipiril 5mg Tablet (Forte / Max Strength),Cardiovascular & Antihypertensives,Biochem Pharmaceutical Industries,strip of 10 tablets,Ramipril (5mg),101.82,Essential,High_Winter,Tata 1mg & Netmeds Essential Formulary,https://www.1mg.com/drugs/ramipiril-5mg-tablet-249373,115,19.5,6,199,2029-03-08,20,Room Temperature,1
MED0806,Sitaday M 500 Tablet (Forte / Max Strength),Antidiabetics,Mankind Pharma Ltd,strip of 15 tablets,Sitagliptin  (50mg) +  Metformin (500mg),257.93,Essential,Stable_All_Season,Tata 1mg & Netmeds Essential Formulary,https://www.1mg.com/drugs/sitaday-m-500-tablet-786929,352,12.4,4,74,2028-05-12,50,Room Temperature,0
MED0807,Clarinova Dry Syrup (Forte / Max Strength),Antibiotics,Mankind Pharma Ltd,bottle of 30 ml Powder for Oral Suspension,Clarithromycin (125mg),213.73,Desirable,High_Monsoon,Tata 1mg & Netmeds Essential Formulary,https://www.1mg.com/drugs/clarinova-dry-syrup-140405,2348,25.1,14,554,2028-02-12,10,Room Temperature,0
MED0808,Losar-H Tablet (Forte / Max Strength),Cardiovascular & Antihypertensives,Torrent Pharmaceuticals Ltd,strip of 15 tablets,Losartan (50mg) + Hydrochlorothiazide (12.5mg),452.2,Essential,High_Winter,Tata 1mg & Netmeds Essential Formulary,https://www.1mg.com/drugs/losar-h-tablet-65185,194,11.6,6,85,2029-02-06,100,Room Temperature,0
MED0809,Shelcal XT Tablet (Forte / Max Strength),Vitamins & Mineral Supplements,Torrent Pharmaceuticals Ltd,strip of 15 tablets,Calcium Carbonate (1250mg) + Vitamin D3 (2000IU) + Methylcobalamin (1500mcg) + L-Methyl Folate Calcium (1mg) + Pyridoxal-5-phosphate (20mg),583.12,Essential,Stable_All_Season,Tata 1mg & Netmeds Essential Formulary,https://www.1mg.com/drugs/shelcal-xt-tablet-350480,46,2.7,4,14,2029-04-07,30,Room Temperature,0
MED0810,Clotrin Ear Drop (Forte / Max Strength),Dermatological & Topicals,NuLife Pharmaceuticals,bottle of 10 ml Ear Drop,Lidocaine (2% w/v) + Clotrimazole (1% w/v),216.05,Desirable,Stable_All_Season,Tata 1mg & Netmeds Essential Formulary,https://www.1mg.com/drugs/clotrin-ear-drop-301461,9,2.7,5,20,2028-03-13,50,Room Temperature,1
MED0811,Sitaglo M Tablet (Forte / Max Strength),Antidiabetics,Aristo Pharmaceuticals Pvt Ltd,strip of 15 tablets,Sitagliptin  (50mg) +  Metformin (500mg),245.05,Essential,Stable_All_Season,Tata 1mg & Netmeds Essential Formulary,https://www.1mg.com/drugs/sitaglo-m-tablet-771650,638,16.5,14,263,2027-06-17,20,Room Temperature,0
MED0812,Limcuf Syrup (Forte / Max Strength),Vitamins & Mineral Supplements,Limcon Healthcare,bottle of 100 ml Syrup,Ambroxol (15mg) + Guaifenesin (50mg) + Menthol (25mg) + Terbutaline (1.25mg),127.72,Desirable,Stable_All_Season,Tata 1mg & Netmeds Essential Formulary,https://www.1mg.com/drugs/limcuf-syrup-907514,85,2.9,10,48,2027-01-18,50,Room Temperature,0
MED0813,Insugen 30/70 Solution for Injection 40IU/ml (Forte / Max Strength),Antidiabetics,Biocon,vial of 10 ml Solution for Injection,Insulin Isophane (70%) + Human insulin (30%),262.58,Essential,Stable_All_Season,Tata 1mg & Netmeds Essential Formulary,https://www.1mg.com/drugs/insugen-30-70-solution-for-injection-40iu-ml-117859,5,4.9,5,43,2027-10-15,20,Cold Chain (2-8C),1
MED0814,LEVoflox 500 Tablet (Forte / Max Strength),Antibiotics,Cipla Ltd,strip of 10 tablets,Levofloxacin (500mg),140.19,Essential,High_Monsoon,Tata 1mg & Netmeds Essential Formulary,https://www.1mg.com/drugs/levoflox-500-tablet-165440,135,10.3,5,76,2028-04-12,30,Room Temperature,0
MED0815,nEBIcard 2.5 Tablet (Forte / Max Strength),Cardiovascular & Antihypertensives,Torrent Pharmaceuticals Ltd,strip of 15 tablets,Nebivolol (2.5mg),263.9,Vital,High_Winter,Tata 1mg & Netmeds Essential Formulary,https://www.1mg.com/drugs/nebicard-2.5-tablet-335042,6,17.0,2,56,2027-04-18,20,Room Temperature,1
MED0816,Glicazide M 80mg/500mg Tablet (Forte / Max Strength),Antidiabetics,Zeelab Pharmacy Pvt Ltd,strip of 10 tablets,Gliclazide (80mg) + Metformin (500mg),36.25,Essential,Stable_All_Season,Tata 1mg & Netmeds Essential Formulary,https://www.1mg.com/drugs/glicazide-m-80mg-500mg-tablet-678102,367,7.5,6,75,2027-01-18,50,Room Temperature,0
MED0817,BUDEtrol 200 Inhaler (Forte / Max Strength),Respiratory & Antiasthmatics,Macleods Pharmaceuticals Pvt Ltd,packet of 120 MDI Inhaler,Formoterol (6mcg) + Budesonide (200mcg),545.71,Vital,High_Winter,Tata 1mg & Netmeds Essential Formulary,https://www.1mg.com/drugs/budetrol-200-inhaler-63628,135,2.6,3,13,2027-11-14,20,Room Temperature,0
MED0818,SitaXA D 10mg/100mg Tablet (Forte / Max Strength),Antidiabetics,Torrent Pharmaceuticals Ltd,strip of 10 tablets,Dapagliflozin (10mg) + Sitagliptin (100mg),332.83,Essential,Stable_All_Season,Tata 1mg & Netmeds Essential Formulary,https://www.1mg.com/drugs/sitaxa-d-10mg-100mg-tablet-787411,235,10.7,4,67,2028-07-11,20,Room Temperature,0
MED0819,Claribid 250 Tablet (Forte / Max Strength),Antibiotics,Abbott,strip of 10 tablets,Clarithromycin (250mg),375.09,Essential,High_Monsoon,Tata 1mg & Netmeds Essential Formulary,https://www.1mg.com/drugs/claribid-250-tablet-359123,10,16.4,8,173,2027-05-18,20,Room Temperature,1
MED0820,Bisoheart 2.5 Tablet (Forte / Max Strength),Cardiovascular & Antihypertensives,Mankind Pharma Ltd,strip of 10 tablets,Bisoprolol (2.5mg),108.69,Essential,High_Winter,Tata 1mg & Netmeds Essential Formulary,https://www.1mg.com/drugs/bisoheart-2.5-tablet-139209,445,21.9,10,361,2029-04-07,10,Room Temperature,0
MED0821,Ferrous Max Tablet (Forte / Max Strength),Vitamins & Mineral Supplements,Athena Medicare,strip of 10 tablets,Ferrous Ascorbate (100mg) + Folic Acid (1.5mg),122.21,Essential,Stable_All_Season,Tata 1mg & Netmeds Essential Formulary,https://www.1mg.com/drugs/ferrous-max-tablet-687690,19,2.1,8,28,2027-03-19,10,Room Temperature,1
MED0822,Terbinaforce Tablet (Forte / Max Strength),Dermatological & Topicals,Mankind Pharma Ltd,strip of 7 tablets,Terbinafine (250mg),198.45,Essential,Stable_All_Season,Tata 1mg & Netmeds Essential Formulary,https://www.1mg.com/drugs/terbinaforce-tablet-130879,155,11.6,12,202,2028-08-10,10,Room Temperature,1
MED0823,BUDEsal 0.5mg Respules 2ml (Forte / Max Strength),Respiratory & Antiasthmatics,Cipla Ltd,packet of 5 respules,Levosalbutamol (1.25mg) + Budesonide (0.5mg),397.15,Vital,High_Winter,Tata 1mg & Netmeds Essential Formulary,https://www.1mg.com/drugs/budesal-0.5mg-respules-2ml-367591,13,2.2,5,12,2027-09-15,10,Room Temperature,0
MED0824,Clot 500mg Tablet (Forte / Max Strength),Dermatological & Topicals,Yester Pharma Pvt Ltd,strip of 10 tablets,Ethamsylate (500mg),145.45,Essential,Stable_All_Season,Tata 1mg & Netmeds Essential Formulary,https://www.1mg.com/drugs/clot-500mg-tablet-797871,149,4.9,10,61,2028-03-13,20,Room Temperature,0
MED0825,Mefenil 80mg/250mg Tablet DT (Forte / Max Strength),Analgesics & Antipyretics,Nilrise Pharmaceuticals Pvt Ltd,strip of 10 tablet dt,Drotaverine (80mg) + Mefenamic Acid (250mg),67.98,Essential,Stable_All_Season,Tata 1mg & Netmeds Essential Formulary,https://www.1mg.com/drugs/mefenil-80mg-250mg-tablet-dt-469260,340,14.5,8,128,2029-05-07,20,Room Temperature,0
MED0826,Glimestar-M 1 Tablet PR (Forte / Max Strength),Antidiabetics,Mankind Pharma Ltd,strip of 10 Tablet pr,Glimepiride (1mg) + Metformin (500mg),108.59,Essential,Stable_All_Season,Tata 1mg & Netmeds Essential Formulary,https://www.1mg.com/drugs/glimestar-m-1-tablet-pr-64724,19,3.6,6,28,2028-04-12,10,Room Temperature,1
MED0827,Shelcal CT Tablet (Forte / Max Strength),Vitamins & Mineral Supplements,Torrent Pharmaceuticals Ltd,strip of 15 tablets,Calcium (500mg) + Vitamin D3 (0.25mcg),582.83,Essential,Stable_All_Season,Tata 1mg & Netmeds Essential Formulary,https://www.1mg.com/drugs/shelcal-ct-tablet-122019,21,8.3,4,58,2028-01-13,30,Room Temperature,1
MED0828,Vildagard M 500mg/50mg Tablet (Forte / Max Strength),Antidiabetics,Aristo Pharmaceuticals Pvt Ltd,strip of 15 tablets,Metformin  (500mg) +  Vildagliptin (50mg),235.62,Essential,Stable_All_Season,Tata 1mg & Netmeds Essential Formulary,https://www.1mg.com/drugs/vildagard-m-500mg-50mg-tablet-619447,52,9.4,6,78,2028-03-13,50,Room Temperature,1
MED0829,"Folinext Gold Tablet with L-Methylfolate, Pyridoxal-5 Phosphate & Mecobalamin (Forte / Max Strength)",Vitamins & Mineral Supplements,Aristo Pharmaceuticals Pvt Ltd,strip of 10 tablets,L-Methyl Folate (5mg) + Methylcobalamin (1500mcg) + Pyridoxal-5-phosphate (3mg),288.55,Essential,Stable_All_Season,Tata 1mg & Netmeds Essential Formulary,https://www.1mg.com/drugs/folinext-gold-tablet-with-l-methylfolate-pyridoxal-5-phosphate-mecobalamin-150274,29,5.6,5,36,2029-01-07,30,Room Temperature,0
MED0830,Acebrohope-SR 200 Tablet (Forte / Max Strength),Respiratory & Antiasthmatics,Synetic Healthcare,strip of 10 tablet sr,Acebrophylline (200mg),210.7,Essential,High_Winter,Tata 1mg & Netmeds Essential Formulary,https://www.1mg.com/drugs/acebrohope-sr-200-tablet-538353,101,9.5,4,67,2029-01-07,20,Room Temperature,0
MED0831,Folitrax 7.5 Tablet (Forte / Max Strength),Vitamins & Mineral Supplements,Ipca Laboratories Ltd,strip of 10 tablets,Methotrexate (7.5mg),286.16,Essential,Stable_All_Season,Tata 1mg & Netmeds Essential Formulary,https://www.1mg.com/drugs/folitrax-7.5-tablet-18228,16,6.2,3,28,2029-05-07,30,Room Temperature,1
MED0832,BUDEcort 100 Inhaler (Forte / Max Strength),Respiratory & Antiasthmatics,Cipla Ltd,packet of 200 MDI Inhaler,Budesonide (100mcg),438.48,Vital,High_Winter,Tata 1mg & Netmeds Essential Formulary,https://www.1mg.com/drugs/budecort-100-inhaler-48628,10,6.0,6,46,2028-07-11,50,Room Temperature,1
MED0833,Tramadin Plus 37.5mg/325mg Tablet (Forte / Max Strength),Analgesics & Antipyretics,Mankind Pharma Ltd,strip of 10 tablets,Tramadol (37.5mg) + Paracetamol (325mg),126.44,Essential,Stable_All_Season,Tata 1mg & Netmeds Essential Formulary,https://www.1mg.com/drugs/tramadin-plus-37.5mg-325mg-tablet-137264,1095,20.6,7,255,2026-12-19,20,Room Temperature,0
MED0834,Calayus-Plus Softgel Capsule (Forte / Max Strength),Dermatological & Topicals,Aberdure Pharma,strip of 10 soft gelatin capsules,Calcitriol (0.25mcg) + Calcium Carbonate (500mg) + Omega-3 fatty acid (300mg) + Methylcobalamin (1500mcg) + Folic Acid (400mcg) + Boron (1.5mg),529.25,Desirable,Stable_All_Season,Tata 1mg & Netmeds Essential Formulary,https://www.1mg.com/drugs/calayus-plus-softgel-capsule-904546,23,1.4,4,9,2029-05-07,20,Room Temperature,0
MED0835,Hydroxyl  Mouth Wash (Forte / Max Strength),Dermatological & Topicals,Sandika Pharmaceuticals Pvt Ltd,bottle of 200 ml Mouth Wash,Hydrogen Peroxide (1.5% w/v),162.4,Essential,Stable_All_Season,Tata 1mg & Netmeds Essential Formulary,https://www.1mg.com/drugs/hydroxyl-mouth-wash-323651,22,3.5,6,30,2028-12-08,30,Room Temperature,0
MED0836,Clindamycin Phosphate Gel (Forte / Max Strength),Antibiotics,Nanz Med Science Pharma Ltd,tube of 20 gm Gel,Clindamycin (1% w/w),130.5,Desirable,High_Monsoon,Tata 1mg & Netmeds Essential Formulary,https://www.1mg.com/drugs/clindamycin-phosphate-gel-707300,216,16.7,6,161,2027-08-16,20,Room Temperature,0
MED0837,MEtrogyl ER Tablet (Forte / Max Strength),Antibiotics,J B Chemicals and Pharmaceuticals Ltd,strip of 10 tablet er,Metronidazole (600mg),112.35,Essential,High_Monsoon,Tata 1mg & Netmeds Essential Formulary,https://www.1mg.com/drugs/metrogyl-er-tablet-347283,175,14.1,6,133,2028-04-12,50,Room Temperature,0
MED0838,Crocin Pain Relief Tablet (Forte / Max Strength),Analgesics & Antipyretics,GlaxoSmithKline India Pvt. Ltd.,strip of 15 tablets,Caffeine (50mg) + Paracetamol (650mg),118.91,Essential,Stable_All_Season,Tata 1mg & Netmeds Essential Formulary,https://www.1mg.com/drugs/crocin-pain-relief-tablet-323789,190,14.7,7,138,2027-02-17,20,Room Temperature,0
MED0839,Atorva 20 Tablet (Forte / Max Strength),Cardiovascular & Antihypertensives,Zydus Cadila,strip of 15 tablets,Atorvastatin (20mg),293.68,Essential,High_Winter,Tata 1mg & Netmeds Essential Formulary,https://www.1mg.com/drugs/atorva-20-tablet-513352,47,12.4,3,42,2029-02-06,50,Room Temperature,0
MED0840,Claribid 500 Tablet (Forte / Max Strength),Antibiotics,Abbott,strip of 10 tablets,Clarithromycin (500mg),621.02,Essential,High_Monsoon,Tata 1mg & Netmeds Essential Formulary,https://www.1mg.com/drugs/claribid-500-tablet-351227,131,9.2,8,130,2027-07-17,30,Room Temperature,0
MED0841,Asthakind-DX Syrup Sugar Free (Forte / Max Strength),Respiratory & Antiasthmatics,Mankind Pharma Ltd,bottle of 60 ml Syrup,Chlorpheniramine Maleate (2mg/5ml) + Dextromethorphan Hydrobromide (15mg/5ml) + Phenylephrine (5mg/5ml),127.35,Desirable,High_Winter,Tata 1mg & Netmeds Essential Formulary,https://www.1mg.com/drugs/asthakind-dx-syrup-sugar-free-149334,137,5.1,7,46,2027-08-16,20,Room Temperature,0
MED0842,Gelumon MPS Liquid Mint Sugar Free (Forte / Max Strength),Gastrointestinal,Gurshyam Formulations,bottle of 170 ml Liquid,Dimethicone (50mg/5ml) + Aluminium Hydroxide (250mg/5ml) + Milk Of Magnesia (250mg/5ml) + Sorbitol (1.25mg/5ml),169.93,Desirable,High_Monsoon,Tata 1mg & Netmeds Essential Formulary,https://www.1mg.com/drugs/gelumon-mps-liquid-mint-sugar-free-932253,204,16.5,4,112,2028-08-10,20,Room Temperature,0
MED0843,KetomAC Shampoo (Forte / Max Strength),Dermatological & Topicals,Torque Pharmaceuticals Pvt Ltd,bottle of 110 ml Shampoo,Ketoconazole (2% w/v),326.25,Essential,Stable_All_Season,Tata 1mg & Netmeds Essential Formulary,https://www.1mg.com/drugs/ketomac-shampoo-120458,51,4.6,3,17,2027-07-17,20,Room Temperature,0
MED0844,Lulican Cream (Forte / Max Strength),Dermatological & Topicals,Glenmark Pharmaceuticals Ltd,tube of 30 gm Cream,Luliconazole (1% w/w),509.76,Desirable,Stable_All_Season,Tata 1mg & Netmeds Essential Formulary,https://www.1mg.com/drugs/lulican-cream-339663,123,7.6,6,54,2028-01-13,50,Room Temperature,0
MED0845,Glimestar-PM2 Tablet ER (Forte / Max Strength),Antidiabetics,Mankind Pharma Ltd,strip of 10 tablet er,Glimepiride (2mg) + Metformin (500mg) + Pioglitazone (15mg),186.89,Essential,Stable_All_Season,Tata 1mg & Netmeds Essential Formulary,https://www.1mg.com/drugs/glimestar-pm2-tablet-er-135655,78,24.8,5,170,2027-09-15,10,Room Temperature,1
MED0846,Limcas 500mg Tablet (Forte / Max Strength),Vitamins & Mineral Supplements,Jantec Pharma,strip of 10 tablets,Levofloxacin (500mg),116.0,Essential,Stable_All_Season,Tata 1mg & Netmeds Essential Formulary,https://www.1mg.com/drugs/limcas-500mg-tablet-408459,5,2.8,6,19,2026-12-19,20,Room Temperature,1
MED0847,Azithral XL 200 Liquid (Forte / Max Strength),Antibiotics,Alembic Pharmaceuticals Ltd,bottle of 30 ml Oral Suspension,Azithromycin (200mg/5ml),159.4,Essential,High_Monsoon,Tata 1mg & Netmeds Essential Formulary,https://www.1mg.com/drugs/azithral-xl-200-liquid-72666,138,17.1,5,118,2027-01-18,20,Room Temperature,0
MED0848,Crocin 1000mg Tablet (Forte / Max Strength),Analgesics & Antipyretics,GlaxoSmithKline India Pvt. Ltd.,strip of 10 tablets,Paracetamol (1000mg),55.74,Essential,Stable_All_Season,Tata 1mg & Netmeds Essential Formulary,https://www.1mg.com/drugs/crocin-1000mg-tablet-445888,303,24.4,5,142,2028-07-11,10,Room Temperature,0
MED0849,Ambrodil-Plus RF Syrup (Forte / Max Strength),Respiratory & Antiasthmatics,Aristo Pharmaceuticals Pvt Ltd,bottle of 100 ml Syrup,Ambroxol (15mg/5ml) + Pseudoephedrine (30mg/5ml) + Chlorpheniramine Maleate (2mg/5ml),145.45,Desirable,High_Winter,Tata 1mg & Netmeds Essential Formulary,https://www.1mg.com/drugs/ambrodil-plus-rf-syrup-340760,17,2.5,7,23,2027-11-14,100,Room Temperature,1
MED0850,Atorva 80 Tablet (Forte / Max Strength),Cardiovascular & Antihypertensives,Zydus Cadila,strip of 10 tablets,Atorvastatin (80mg),632.63,Essential,High_Winter,Tata 1mg & Netmeds Essential Formulary,https://www.1mg.com/drugs/atorva-80-tablet-46673,112,6.0,5,34,2027-09-15,10,Room Temperature,0
MED0851,Amoxyclav 375 Tablet (Forte / Max Strength),Antibiotics,Abbott,strip of 10 tablets,Amoxycillin  (250mg) +  Clavulanic Acid (125mg),382.99,Essential,High_Monsoon,Tata 1mg & Netmeds Essential Formulary,https://www.1mg.com/drugs/amoxyclav-375-tablet-349279,21,14.5,6,151,2027-08-16,50,Room Temperature,1
MED0852,Terbinaforce Cream (Forte / Max Strength),Dermatological & Topicals,Mankind Pharma Ltd,tube of 10 gm Cream,Terbinafine (1% w/w),81.84,Desirable,Stable_All_Season,Tata 1mg & Netmeds Essential Formulary,https://www.1mg.com/drugs/terbinaforce-cream-156755,158,8.2,7,83,2028-06-11,30,Room Temperature,0
MED0853,Rosuvas 10 Tablet (Forte / Max Strength),Cardiovascular & Antihypertensives,Sun Pharmaceutical Industries Ltd,strip of 15 tablets,Rosuvastatin (10mg),543.75,Essential,High_Winter,Tata 1mg & Netmeds Essential Formulary,https://www.1mg.com/drugs/rosuvas-10-tablet-113791,51,10.3,7,125,2029-05-07,20,Room Temperature,1
MED0854,Calaptin 120 SR Tablet (Forte / Max Strength),Dermatological & Topicals,Abbott,strip of 15 Tablet pr,Verapamil (120mg),139.0,Essential,Stable_All_Season,Tata 1mg & Netmeds Essential Formulary,https://www.1mg.com/drugs/calaptin-120-sr-tablet-543366,93,3.1,8,38,2027-12-14,30,Room Temperature,0
MED0855,Dologel-CT Gel (Forte / Max Strength),Analgesics & Antipyretics,Dr Reddy's Laboratories Ltd,tube of 10 gm Dental Gel,Choline Salicylate (8.7% w/w) + Lidocaine (2% w/w),169.23,Desirable,Stable_All_Season,Tata 1mg & Netmeds Essential Formulary,https://www.1mg.com/drugs/dologel-ct-gel-125418,259,16.6,8,193,2028-07-11,10,Room Temperature,0
MED0856,empaONE 25 Tablet (Forte / Max Strength),Antidiabetics,MSN Laboratories,strip of 10 tablets,Empagliflozin (25mg),246.7,Essential,Stable_All_Season,Tata 1mg & Netmeds Essential Formulary,https://www.1mg.com/drugs/empaone-25-tablet-706899,85,8.4,8,98,2028-07-11,20,Room Temperature,1
MED0857,Gelurab D 30 mg/20 mg Capsule (Forte / Max Strength),Gastrointestinal,Pfizer Ltd,strip of 6 capsules,Domperidone (30mg) + Rabeprazole (20mg),61.48,Desirable,High_Monsoon,Tata 1mg & Netmeds Essential Formulary,https://www.1mg.com/drugs/gelurab-d-30-mg-20-mg-capsule-157318,52,15.7,6,145,2028-01-13,10,Room Temperature,1
MED0858,Metosartan 25 Tablet ER (Forte / Max Strength),Cardiovascular & Antihypertensives,Sun Pharmaceutical Industries Ltd,strip of 10 tablet er,Telmisartan (40mg) + Metoprolol Succinate (25mg),275.5,Essential,High_Winter,Tata 1mg & Netmeds Essential Formulary,https://www.1mg.com/drugs/metosartan-25-tablet-er-65378,47,17.4,8,190,2028-06-11,30,Room Temperature,1
MED0859,Shelcal -HD 12 Tablet (Forte / Max Strength),Vitamins & Mineral Supplements,Torrent Pharmaceuticals Ltd,strip of 15 tablets,Calcium Carbonate (500mg) + Vitamin D3 (500IU) + Cyanocobalamin (15mcg),308.02,Essential,Stable_All_Season,Tata 1mg & Netmeds Essential Formulary,https://www.1mg.com/drugs/shelcal-hd-12-tablet-130702,40,3.5,5,31,2029-02-06,10,Room Temperature,0
MED0860,Lulilok Cream (Forte / Max Strength),Dermatological & Topicals,Eris Oaknet Healthcare Pvt Ltd,tube of 30 gm Cream,Luliconazole (1% w/w),196.9,Desirable,Stable_All_Season,Tata 1mg & Netmeds Essential Formulary,https://www.1mg.com/drugs/lulilok-cream-345071,21,16.0,5,116,2027-02-17,30,Room Temperature,1
MED0861,Amoxyclav 625 Tablet (Forte / Max Strength),Antibiotics,Abbott,strip of 10 tablets,Amoxycillin  (500mg) +  Clavulanic Acid (125mg),283.33,Vital,High_Monsoon,Tata 1mg & Netmeds Essential Formulary,https://www.1mg.com/drugs/amoxyclav-625-tablet-491614,396,21.5,3,81,2027-05-18,20,Room Temperature,0
MED0862,Glictrio MV 0.2mg/500mg/80mg Tablet (Forte / Max Strength),Antidiabetics,N Line Healthcare Private Limited,strip of 10 tablets,Voglibose (0.2mg) + Metformin (500mg) + Gliclazide (80mg),214.79,Essential,Stable_All_Season,Tata 1mg & Netmeds Essential Formulary,https://www.1mg.com/drugs/glictrio-mv-0.2mg-500mg-80mg-tablet-854642,36,13.8,4,96,2027-04-18,20,Room Temperature,1
MED0863,Permin Cream (Forte / Max Strength),Dermatological & Topicals,Tripada Biotec Pvt Ltd,tube of 30 gm Cream,Permethrin (NA),75.44,Desirable,Stable_All_Season,Tata 1mg & Netmeds Essential Formulary,https://www.1mg.com/drugs/permin-cream-185161,78,10.7,4,55,2027-05-18,20,Room Temperature,0
MED0864,cEFix 200 Tablet (Forte / Max Strength),Antibiotics,Cipla Ltd,strip of 10 tablets,Cefixime (200mg),152.39,Essential,High_Monsoon,Tata 1mg & Netmeds Essential Formulary,https://www.1mg.com/drugs/cefix-200-tablet-148152,327,12.4,10,216,2028-01-13,50,Room Temperature,0
MED0865,Voglimac GM 2 Tablet SR (Forte / Max Strength),Antidiabetics,Macleods Pharmaceuticals Pvt Ltd,strip of 10 tablet sr,Glimepiride (2mg) + Metformin (500mg) + Voglibose (0.2mg),348.7,Essential,Stable_All_Season,Tata 1mg & Netmeds Essential Formulary,https://www.1mg.com/drugs/voglimac-gm-2-tablet-sr-148587,350,27.1,6,187,2027-09-15,30,Room Temperature,0
MED0866,Metffil VG 2 Tablet SR (Forte / Max Strength),Antidiabetics,Fourrts India Laboratories Pvt Ltd,strip of 15 tablet sr,Glimepiride (2mg) + Metformin (500mg) + Voglibose (0.2mg),278.54,Essential,Stable_All_Season,Tata 1mg & Netmeds Essential Formulary,https://www.1mg.com/drugs/metffil-vg-2-tablet-sr-412073,436,20.2,4,132,2028-01-13,100,Room Temperature,0
MED0867,Levolin 1mg Syrup Orange (Forte / Max Strength),Antibiotics,Cipla Ltd,bottle of 100 ml Syrup,Levosalbutamol (1mg/5ml),48.18,Desirable,High_Monsoon,Tata 1mg & Netmeds Essential Formulary,https://www.1mg.com/drugs/levolin-1mg-syrup-orange-14976,1081,23.2,6,205,2027-03-19,10,Room Temperature,0
MED0868,Metform -SR 500mg Tablet PR (Forte / Max Strength),Antidiabetics,Knoll Pharmaceuticals Ltd,strip of 10 Tablet pr,Metformin (500mg),32.35,Essential,Stable_All_Season,Tata 1mg & Netmeds Essential Formulary,https://www.1mg.com/drugs/metform-sr-500mg-tablet-pr-563689,20,13.4,6,111,2028-11-08,20,Room Temperature,1
MED0869,OFLox 200 Tablet (Forte / Max Strength),Antibiotics,Cipla Ltd,strip of 10 tablets,Ofloxacin (200mg),160.22,Essential,High_Monsoon,Tata 1mg & Netmeds Essential Formulary,https://www.1mg.com/drugs/oflox-200-tablet-158252,1,7.3,7,56,2028-09-09,50,Room Temperature,1
MED0870,Permetron Lotion (Forte / Max Strength),Dermatological & Topicals,Alkem Laboratories Ltd,bottle of 150 ml Lotion,Permethrin (5% w/v),77.65,Desirable,Stable_All_Season,Tata 1mg & Netmeds Essential Formulary,https://www.1mg.com/drugs/permetron-lotion-340049,9,4.1,5,35,2027-01-18,10,Room Temperature,1
MED0871,Lulimac Cream (Forte / Max Strength),Dermatological & Topicals,Macleods Pharmaceuticals Pvt Ltd,tube of 10 gm Cream,Luliconazole (1% w/w),243.73,Desirable,Stable_All_Season,Tata 1mg & Netmeds Essential Formulary,https://www.1mg.com/drugs/lulimac-cream-340413,2,5.9,7,74,2028-12-08,30,Room Temperature,1
MED0872,Diclofenac Sodium  Injection (Forte / Max Strength),Analgesics & Antipyretics,Harson Laboratories,vial of 3 ml Injection,Diclofenac (NA),13.46,Essential,Stable_All_Season,Tata 1mg & Netmeds Essential Formulary,https://www.1mg.com/drugs/diclofenac-sodium-injection-281625,138,12.1,5,88,2027-07-17,20,Room Temperature,0
MED0873,Dicloran A Tablet (Forte / Max Strength),Analgesics & Antipyretics,J B Chemicals and Pharmaceuticals Ltd,strip of 10 tablets,Diclofenac (50mg) + Paracetamol (325mg),121.68,Essential,Stable_All_Season,Tata 1mg & Netmeds Essential Formulary,https://www.1mg.com/drugs/dicloran-a-tablet-125399,1312,15.5,12,225,2029-04-07,20,Room Temperature,0
MED0874,Silverex Ionic Gel (Forte / Max Strength),Dermatological & Topicals,Sun Pharmaceutical Industries Ltd,tube of 20 gm Gel,Silver Nitrate (0.2% w/w),246.05,Desirable,Stable_All_Season,Tata 1mg & Netmeds Essential Formulary,https://www.1mg.com/drugs/silverex-ionic-gel-66526,11,2.7,5,23,2028-07-11,10,Room Temperature,1
MED0875,Becostar G Capsule (Forte / Max Strength),Vitamins & Mineral Supplements,Linux Laboratories,strip of 10 capsules,Nicotinic acid (NA),315.88,Essential,Stable_All_Season,Tata 1mg & Netmeds Essential Formulary,https://www.1mg.com/drugs/becostar-g-capsule-234453,2,1.2,5,10,2028-07-11,20,Room Temperature,1
MED0876,MetoLAR XR 50 Capsule (Forte / Max Strength),Cardiovascular & Antihypertensives,Cipla Ltd,strip of 15 capsule er,Metoprolol Succinate (47.5mg),176.84,Essential,High_Winter,Tata 1mg & Netmeds Essential Formulary,https://www.1mg.com/drugs/metolar-xr-50-capsule-18479,45,8.3,7,82,2028-09-09,50,Room Temperature,1
MED0877,Enalapril 5mg Tablet (Forte / Max Strength),Cardiovascular & Antihypertensives,Globela Pharma Pvt Ltd,strip of 10 tablets,Enalapril (5mg),39.43,Essential,High_Winter,Tata 1mg & Netmeds Essential Formulary,https://www.1mg.com/drugs/enalapril-5mg-tablet-761643,86,5.6,7,61,2027-11-14,10,Room Temperature,0
MED0878,Vogliboz 0.2 Tablet (Forte / Max Strength),Antidiabetics,Knoll Pharmaceuticals Ltd,strip of 10 tablets,Voglibose (0.2mg),122.52,Essential,Stable_All_Season,Tata 1mg & Netmeds Essential Formulary,https://www.1mg.com/drugs/vogliboz-0.2-tablet-350797,3,8.5,4,39,2028-03-13,100,Room Temperature,1
MED0879,Dextrose 25% Infusion (Forte / Max Strength),Respiratory & Antiasthmatics,Claris Lifesciences Ltd,bottle of 100 ml Infusion,Dextrose (25% w/v),25.62,Essential,High_Winter,Tata 1mg & Netmeds Essential Formulary,https://www.1mg.com/drugs/dextrose-25-infusion-304375,16,6.8,5,54,2027-12-14,20,Room Temperature,1
MED0880,Naditret 1% Cream (Forte / Max Strength),Dermatological & Topicals,KLM Laboratories Pvt Ltd,tube of 10 gm Cream,Nadifloxacin (1% w/w),197.11,Desirable,Stable_All_Season,Tata 1mg & Netmeds Essential Formulary,https://www.1mg.com/drugs/naditret-1-cream-719848,20,16.3,7,188,2028-01-13,20,Room Temperature,1
MED0881,Fusiderm Cream (Forte / Max Strength),Dermatological & Topicals,Indi Pharma,tube of 10 gm Cream,Fusidic Acid (2% w/w),149.67,Desirable,Stable_All_Season,Tata 1mg & Netmeds Essential Formulary,https://www.1mg.com/drugs/fusiderm-cream-313359,18,2.3,14,57,2029-01-07,10,Room Temperature,1
MED0882,Diclomol Tablet (Forte / Max Strength),Analgesics & Antipyretics,Win-Medicare Pvt Ltd,strip of 10 tablets,Diclofenac (50mg) + Paracetamol (325mg),167.88,Essential,Stable_All_Season,Tata 1mg & Netmeds Essential Formulary,https://www.1mg.com/drugs/diclomol-tablet-64104,241,16.9,5,104,2028-08-10,30,Room Temperature,0
MED0883,Diltra 50mg/300mg/300mg Tablet (Forte / Max Strength),Cardiovascular & Antihypertensives,Aurobindo Pharma Ltd,bottle of 30 tablets,Dolutegravir (50mg) + Lamivudine (300mg) + Tenofovir disoproxil fumarate (300mg),5209.12,Essential,High_Winter,Tata 1mg & Netmeds Essential Formulary,https://www.1mg.com/drugs/diltra-50mg-300mg-300mg-tablet-819436,30,12.0,4,73,2027-06-17,10,Room Temperature,1
MED0884,Pioglar 15 Tablet (Forte / Max Strength),Antidiabetics,Sun Pharmaceutical Industries Ltd,strip of 10 tablets,Pioglitazone (15mg),117.45,Essential,Stable_All_Season,Tata 1mg & Netmeds Essential Formulary,https://www.1mg.com/drugs/pioglar-15-tablet-27774,676,14.3,7,158,2028-09-09,20,Room Temperature,0
MED0885,Cefix-O  Tablet (Forte / Max Strength),Antibiotics,Cipla Ltd,strip of 10 tablets,Cefixime (200mg) + Ofloxacin (200mg),437.84,Essential,High_Monsoon,Tata 1mg & Netmeds Essential Formulary,https://www.1mg.com/drugs/cefix-o-tablet-294038,18,7.8,3,31,2029-04-07,30,Room Temperature,1
MED0886,Levocet M Tablet (Forte / Max Strength),Antibiotics,Hetero Drugs Ltd,strip of 10 tablets,Levocetirizine (5mg) + Montelukast (10mg),162.4,Essential,High_Monsoon,Tata 1mg & Netmeds Essential Formulary,https://www.1mg.com/drugs/levocet-m-tablet-122690,322,22.3,7,261,2029-01-07,10,Room Temperature,0
MED0887,Clarigard  500 Tablet (Forte / Max Strength),Antibiotics,Macleods Pharmaceuticals Pvt Ltd,strip of 10 tablets,Clarithromycin (500mg),484.5,Essential,High_Monsoon,Tata 1mg & Netmeds Essential Formulary,https://www.1mg.com/drugs/clarigard-500-tablet-324569,315,9.7,6,88,2027-02-17,20,Room Temperature,0
MED0888,Insugen-R 40IU/ml Solution for Injection (Forte / Max Strength),Antidiabetics,Biocon,vial of 10 ml Solution for Injection,Human insulin (40IU),264.28,Essential,Stable_All_Season,Tata 1mg & Netmeds Essential Formulary,https://www.1mg.com/drugs/insugen-r-40iu-ml-solution-for-injection-117869,148,12.5,5,84,2028-06-11,20,Room Temperature,0
MED0889,Nadibact Gel (Forte / Max Strength),Dermatological & Topicals,Cipla Ltd,tube of 10 gm Gel,Nadifloxacin (1% w/w),247.38,Desirable,Stable_All_Season,Tata 1mg & Netmeds Essential Formulary,https://www.1mg.com/drugs/nadibact-gel-121831,121,6.0,7,58,2028-06-11,20,Room Temperature,0
MED0890,Metffil G1 Tablet (Forte / Max Strength),Antidiabetics,Fourrts India Laboratories Pvt Ltd,strip of 10 tablets,Glimepiride (1mg) + Metformin (500mg),69.32,Essential,Stable_All_Season,Tata 1mg & Netmeds Essential Formulary,https://www.1mg.com/drugs/metffil-g1-tablet-227273,39,8.4,7,92,2027-02-17,20,Room Temperature,1
MED0891,Bisoheart 5mg Tablet (Forte / Max Strength),Cardiovascular & Antihypertensives,Mankind Pharma Ltd,strip of 10 tablets,Bisoprolol (5mg),153.79,Essential,High_Winter,Tata 1mg & Netmeds Essential Formulary,https://www.1mg.com/drugs/bisoheart-5mg-tablet-144238,174,12.5,8,110,2029-04-07,10,Room Temperature,0
MED0892,Tramazac Capsule (Forte / Max Strength),Analgesics & Antipyretics,Zydus Cadila,strip of 10 capsules,Tramadol (50mg),74.6,Essential,Stable_All_Season,Tata 1mg & Netmeds Essential Formulary,https://www.1mg.com/drugs/tramazac-capsule-116484,176,18.3,12,360,2027-08-16,50,Room Temperature,1
MED0893,Zinconia 50 Tablet (Forte / Max Strength),Vitamins & Mineral Supplements,Zuventus Healthcare Ltd,strip of 10 tablets,Zinc acetate (50mg),108.97,Essential,Stable_All_Season,Tata 1mg & Netmeds Essential Formulary,https://www.1mg.com/drugs/zinconia-50-tablet-116749,37,5.5,5,42,2028-02-12,50,Room Temperature,0
MED0894,Ketoford 10mg Tablet DT (Forte / Max Strength),Dermatological & Topicals,Leeford Healthcare Ltd,strip of 10 tablet dt,Ketorolac (10mg),81.2,Essential,Stable_All_Season,Tata 1mg & Netmeds Essential Formulary,https://www.1mg.com/drugs/ketoford-10mg-tablet-dt-412021,116,2.7,5,24,2028-04-12,50,Room Temperature,0
MED0895,Metford 500 Tablet (Forte / Max Strength),Antidiabetics,Johnlee Pharmaceuticals Pvt Ltd,strip of 10 tablets,Metformin (500mg),29.0,Essential,Stable_All_Season,Tata 1mg & Netmeds Essential Formulary,https://www.1mg.com/drugs/metford-500-tablet-412239,41,17.0,8,216,2027-04-18,20,Room Temperature,1
MED0896,Foracort 400 Inhaler (Forte / Max Strength),Respiratory & Antiasthmatics,Cipla Ltd,packet of 120 MDI Inhaler,Formoterol (6mcg) + Budesonide (400mcg),630.31,Vital,High_Winter,Tata 1mg & Netmeds Essential Formulary,https://www.1mg.com/drugs/foracort-400-inhaler-148721,54,5.7,4,33,2027-09-15,30,Room Temperature,0
MED0897,Clopitab-A 75 Capsule (Forte / Max Strength),Cardiovascular & Antihypertensives,Lupin Ltd,strip of 15 capsules,Aspirin (75mg) + Clopidogrel (75mg),199.38,Essential,High_Winter,Tata 1mg & Netmeds Essential Formulary,https://www.1mg.com/drugs/clopitab-a-75-capsule-75289,488,10.6,7,95,2028-11-08,50,Room Temperature,0
MED0898,Clindac AP Gel (Forte / Max Strength),Antibiotics,Alkem Laboratories Ltd,tube of 15 gm Gel,Adapalene (0.1% w/w) + Clindamycin (1% w/w),575.58,Desirable,High_Monsoon,Tata 1mg & Netmeds Essential Formulary,https://www.1mg.com/drugs/clindac-ap-gel-652191,59,15.3,5,102,2028-05-12,20,Room Temperature,1
MED0899,Ambrodil-S Syrup (Forte / Max Strength),Respiratory & Antiasthmatics,Aristo Pharmaceuticals Pvt Ltd,bottle of 100 ml Syrup,Ambroxol (15mg/5ml) + Salbutamol (1mg/5ml),58.0,Desirable,High_Winter,Tata 1mg & Netmeds Essential Formulary,https://www.1mg.com/drugs/ambrodil-s-syrup-161343,37,9.9,5,72,2028-12-08,100,Room Temperature,1
MED0900,FORAcort 400 Rotacap (Forte / Max Strength),Respiratory & Antiasthmatics,Cipla Ltd,bottle of 30 rotacaps,Formoterol (6mcg) + Budesonide (400mcg),325.19,Essential,High_Winter,Tata 1mg & Netmeds Essential Formulary,https://www.1mg.com/drugs/foracort-400-rotacap-68419,14,5.2,5,35,2026-12-19,30,Room Temperature,1
MED0901,Metrohex Plus + Gel (Forte / Max Strength),Antibiotics,Dr Reddy's Laboratories Ltd,tube of 20 gm Dental Gel,Lidocaine (2% w/w) + Chlorhexidine Gluconate (1% w/w) + Metronidazole (1% w/w),185.41,Desirable,High_Monsoon,Tata 1mg & Netmeds Essential Formulary,https://www.1mg.com/drugs/metrohex-plus-gel-654646,206,20.1,6,161,2026-12-19,20,Room Temperature,0
MED0902,Dolo 650 Tablet (Forte / Max Strength),Analgesics & Antipyretics,Micro Labs Ltd,strip of 15 tablets,Paracetamol (650mg),46.81,Essential,Stable_All_Season,Tata 1mg & Netmeds Essential Formulary,https://www.1mg.com/drugs/dolo-650-tablet-74467,300,15.6,7,193,2029-04-07,50,Room Temperature,0
MED0903,Levocet Tablet (Forte / Max Strength),Antibiotics,Hetero Healthcare Limited,strip of 10 tablets,Levocetirizine (5mg),76.7,Essential,High_Monsoon,Tata 1mg & Netmeds Essential Formulary,https://www.1mg.com/drugs/levocet-tablet-69789,86,8.4,4,42,2028-08-10,20,Room Temperature,0
MED0904,Foracort 200 Inhaler (Forte / Max Strength),Respiratory & Antiasthmatics,Cipla Ltd,packet of 120 MDI Inhaler,Formoterol (6mcg) + Budesonide (200mcg),553.55,Vital,High_Winter,Tata 1mg & Netmeds Essential Formulary,https://www.1mg.com/drugs/foracort-200-inhaler-147935,148,8.2,3,42,2028-07-11,30,Room Temperature,0
MED0905,Crocin Advance 500mg Tablet (Forte / Max Strength),Analgesics & Antipyretics,GlaxoSmithKline India Pvt. Ltd.,strip of 20 tablets,Paracetamol (500mg),28.0,Essential,Stable_All_Season,Tata 1mg & Netmeds Essential Formulary,https://www.1mg.com/drugs/crocin-advance-500mg-tablet-600468,115,7.4,6,52,2028-11-08,20,Room Temperature,0
MED0906,Glimestar-M 2 Tablet PR (Forte / Max Strength),Antidiabetics,Mankind Pharma Ltd,strip of 10 Tablet pr,Glimepiride (2mg) + Metformin (500mg),156.31,Essential,Stable_All_Season,Tata 1mg & Netmeds Essential Formulary,https://www.1mg.com/drugs/glimestar-m-2-tablet-pr-135207,63,9.3,4,54,2029-01-07,20,Room Temperature,0
MED0907,Rosuvas 20 Tablet (Forte / Max Strength),Cardiovascular & Antihypertensives,Sun Pharmaceutical Industries Ltd,strip of 10 tablets,Rosuvastatin (20mg),696.0,Essential,High_Winter,Tata 1mg & Netmeds Essential Formulary,https://www.1mg.com/drugs/rosuvas-20-tablet-31109,181,12.3,8,172,2027-05-18,10,Room Temperature,0
MED0908,Cephadex 250 Tablet DT (Forte / Max Strength),Antibiotics,Cipla Ltd,strip of 10 tablet dt,Cefalexin (250mg),242.73,Essential,High_Monsoon,Tata 1mg & Netmeds Essential Formulary,https://www.1mg.com/drugs/cephadex-250-tablet-dt-264732,47,11.9,4,77,2029-05-07,10,Room Temperature,1
MED0909,Dextrose 5% Infusion (Forte / Max Strength),Respiratory & Antiasthmatics,Claris Lifesciences Ltd,bottle of 500 ml Infusion,Dextrose (5% w/v),45.47,Essential,High_Winter,Tata 1mg & Netmeds Essential Formulary,https://www.1mg.com/drugs/dextrose-5-infusion-305424,264,17.9,5,144,2029-02-06,30,Room Temperature,0
MED0910,Metrogyl DG Forte Gel (Forte / Max Strength),Antibiotics,J B Chemicals and Pharmaceuticals Ltd,tube of 20 gm Dental Gel,Chlorhexidine Gluconate (0.5% w/w) + Metronidazole (1.5% w/w),122.84,Desirable,High_Monsoon,Tata 1mg & Netmeds Essential Formulary,https://www.1mg.com/drugs/metrogyl-dg-forte-gel-130080,354,14.2,8,173,2027-08-16,20,Room Temperature,0
MED0911,Ciprodac 500 Tablet (Forte / Max Strength),Antibiotics,Cadila Pharmaceuticals Ltd,strip of 10 tablets,Ciprofloxacin (500mg),65.68,Essential,High_Monsoon,Tata 1mg & Netmeds Essential Formulary,https://www.1mg.com/drugs/ciprodac-500-tablet-56644,313,12.6,7,116,2028-05-12,10,Room Temperature,0
MED0912,MetoLAR 25 Tablet (Forte / Max Strength),Cardiovascular & Antihypertensives,Cipla Ltd,strip of 15 tablets,Metoprolol Tartrate (25mg),63.29,Essential,High_Winter,Tata 1mg & Netmeds Essential Formulary,https://www.1mg.com/drugs/metolar-25-tablet-300382,84,17.7,8,232,2027-08-16,50,Room Temperature,1
MED0913,Permite 5 % Cream (Forte / Max Strength),Dermatological & Topicals,Torrent Pharmaceuticals Ltd,tube of 60 gm Cream,Permethrin (50mg/gm),171.68,Desirable,Stable_All_Season,Tata 1mg & Netmeds Essential Formulary,https://www.1mg.com/drugs/permite-5-cream-371853,8,2.0,5,16,2028-12-08,100,Room Temperature,1
MED0914,ASTHAlin Respules (Forte / Max Strength),Respiratory & Antiasthmatics,Cipla Ltd,packet of 2.5 ml Respules,Salbutamol (2.5mg),12.76,Vital,High_Winter,Tata 1mg & Netmeds Essential Formulary,https://www.1mg.com/drugs/asthalin-respules-341377,179,3.6,5,24,2028-11-08,30,Room Temperature,0
MED0915,Dapanorm Trio Forte Tablet ER (Forte / Max Strength),Antidiabetics,Alkem Laboratories Ltd,strip of 10 tablet er,Dapagliflozin (10mg) + Metformin (1000mg) + Sitagliptin (100mg),370.04,Essential,Stable_All_Season,Tata 1mg & Netmeds Essential Formulary,https://www.1mg.com/drugs/dapanorm-trio-forte-tablet-er-799750,8,11.5,6,119,2027-02-17,50,Room Temperature,1
MED0916,Limcas OZ 250mg/500mg Tablet (Forte / Max Strength),Vitamins & Mineral Supplements,Jantec Pharma,strip of 10 tablets,Levofloxacin (250mg) + Ornidazole (500mg),195.75,Essential,Stable_All_Season,Tata 1mg & Netmeds Essential Formulary,https://www.1mg.com/drugs/limcas-oz-250mg-500mg-tablet-844522,1,2.8,4,13,2028-03-13,20,Room Temperature,1
MED0917,Permiforce Cream (Forte / Max Strength),Dermatological & Topicals,Healing Pharma India Pvt Ltd,tube of 30 gm Cream,Permethrin (5% w/w),74.43,Desirable,Stable_All_Season,Tata 1mg & Netmeds Essential Formulary,https://www.1mg.com/drugs/permiforce-cream-512191,10,7.8,4,45,2028-11-08,30,Room Temperature,1
MED0918,empaONE 10mg Tablet (Forte / Max Strength),Antidiabetics,MSN Laboratories,strip of 10 tablets,Empagliflozin (10mg),169.93,Essential,Stable_All_Season,Tata 1mg & Netmeds Essential Formulary,https://www.1mg.com/drugs/empaone-10mg-tablet-719737,151,7.3,8,97,2028-08-10,10,Room Temperature,0
MED0919,Zincold Plus Tablet (Forte / Max Strength),Vitamins & Mineral Supplements,Med Manor Organics Pvt Ltd,strip of 10 tablets,Nimesulide (100mg) + Paracetamol (500mg) + Levocetirizine (2.5mg) + Phenylephrine (5mg) + Caffeine (25mg),85.64,Essential,Stable_All_Season,Tata 1mg & Netmeds Essential Formulary,https://www.1mg.com/drugs/zincold-plus-tablet-158919,150,8.1,5,64,2028-08-10,10,Room Temperature,0
MED0920,Shelcal -CT Max Soft Gelatin Capsule (Forte / Max Strength),Vitamins & Mineral Supplements,Torrent Pharmaceuticals Ltd,strip of 15 soft gelatin capsules,Eicosapentaenoic Acid (180mg) + Docosahexanoic acid(DHA) (120mg) + Methylcobalamin (1500mcg) + Calcitriol (0.25mcg) + Calcium Carbonate (500mg) + Boron (1.5mg) + Folic Acid (400mcg),739.5,Desirable,Stable_All_Season,Tata 1mg & Netmeds Essential Formulary,https://www.1mg.com/drugs/shelcal-ct-max-soft-gelatin-capsule-468840,78,7.0,4,37,2028-05-12,100,Room Temperature,0
MED0921,Vogli Trio 0.3 Tablet SR (Forte / Max Strength),Antidiabetics,Medley Pharmaceuticals,strip of 10 tablet sr,Voglibose (0.3mg) + Metformin (500mg) + Gliclazide (80mg),278.54,Essential,Stable_All_Season,Tata 1mg & Netmeds Essential Formulary,https://www.1mg.com/drugs/vogli-trio-0.3-tablet-sr-304476,341,28.1,4,184,2028-04-12,30,Room Temperature,0
MED0922,Silverex SSD Cream (Forte / Max Strength),Dermatological & Topicals,Sun Pharmaceutical Industries Ltd,tube of 10 gm Cream,Chlorhexidine Gluconate (0.2% w/w) + Silver Sulfadiazine (0.5% w/w),208.8,Desirable,Stable_All_Season,Tata 1mg & Netmeds Essential Formulary,https://www.1mg.com/drugs/silverex-ssd-cream-649823,87,7.4,4,51,2026-12-19,20,Room Temperature,0
MED0923,Terbinaforce 500 Tablet (Forte / Max Strength),Dermatological & Topicals,Mankind Pharma Ltd,strip of 7 tablets,Terbinafine (500mg),324.63,Essential,Stable_All_Season,Tata 1mg & Netmeds Essential Formulary,https://www.1mg.com/drugs/terbinaforce-500-tablet-335394,17,2.9,6,23,2028-07-11,10,Room Temperature,0
MED0924,Cephadex 250 Capsule (Forte / Max Strength),Antibiotics,Cipla Ltd,strip of 10 capsules,Cefalexin (250mg),129.35,Essential,High_Monsoon,Tata 1mg & Netmeds Essential Formulary,https://www.1mg.com/drugs/cephadex-250-capsule-266389,22,13.3,5,94,2027-09-15,20,Room Temperature,1
MED0925,Rosuvas CV 10 Tablet (Forte / Max Strength),Cardiovascular & Antihypertensives,Sun Pharmaceutical Industries Ltd,strip of 10 tablets,Rosuvastatin (10mg) + Clopidogrel (75mg),297.7,Essential,High_Winter,Tata 1mg & Netmeds Essential Formulary,https://www.1mg.com/drugs/rosuvas-cv-10-tablet-206733,204,10.4,10,145,2028-05-12,100,Room Temperature,0
MED0926,Nebistar-SA Tablet (Forte / Max Strength),Cardiovascular & Antihypertensives,Lupin Ltd,strip of 15 tablets,Nebivolol (5mg) + S-Amlodipine (2.5mg),620.24,Essential,High_Winter,Tata 1mg & Netmeds Essential Formulary,https://www.1mg.com/drugs/nebistar-sa-tablet-456251,133,9.7,6,86,2027-07-17,10,Room Temperature,0
MED0927,Ferroceff 200mg Tablet (Forte / Max Strength),Vitamins & Mineral Supplements,Medicant Lifesciences Pvt Ltd,strip of 6 tablets,Faropenem (200mg),706.88,Essential,Stable_All_Season,Tata 1mg & Netmeds Essential Formulary,https://www.1mg.com/drugs/ferroceff-200mg-tablet-749992,53,2.9,6,28,2028-11-08,20,Room Temperature,0
MED0928,Doxy A 100mg Capsule (Forte / Max Strength),Antibiotics,Acichem Laboratories,strip of 10 capsules,Doxycycline (100mg),20.39,Essential,High_Monsoon,Tata 1mg & Netmeds Essential Formulary,https://www.1mg.com/drugs/doxy-a-100mg-capsule-455265,897,40.7,7,374,2028-12-08,30,Room Temperature,0
MED0929,Ferrofol-XT Tablet (Forte / Max Strength),Vitamins & Mineral Supplements,Regoshin Healthcare Pvt. Ltd.,strip of 10 tablets,Ferrous Ascorbate (100mg) + Folic Acid (1.5mg) + Zinc (22.5mg),203.91,Essential,Stable_All_Season,Tata 1mg & Netmeds Essential Formulary,https://www.1mg.com/drugs/ferrofol-xt-tablet-892330,50,3.0,7,27,2027-05-18,50,Room Temperature,0
MED0930,Povifresh OZ Ointment (Forte / Max Strength),Dermatological & Topicals,Smart Laboratories Pvt Ltd,tube of 15 gm Ointment,Povidone Iodine (5% w/w) + Ornidazole (1% w/w),101.5,Essential,Stable_All_Season,Tata 1mg & Netmeds Essential Formulary,https://www.1mg.com/drugs/povifresh-oz-ointment-575560,92,4.5,7,48,2028-10-09,20,Room Temperature,0
MED0931,Vildamac M 50/1000 Tablet (Forte / Max Strength),Antidiabetics,Macleods Pharmaceuticals Pvt Ltd,strip of 15 tablets,Metformin  (1000mg) +  Vildagliptin (50mg),263.91,Essential,Stable_All_Season,Tata 1mg & Netmeds Essential Formulary,https://www.1mg.com/drugs/vildamac-m-50-1000-tablet-562877,257,7.3,10,92,2027-04-18,30,Room Temperature,0
MED0932,Ramitorva   Capsule (Forte / Max Strength),Cardiovascular & Antihypertensives,Zydus Cadila,strip of 10 capsules,Atorvastatin (10mg) + Aspirin (75mg) + Ramipril (5mg),84.71,Essential,High_Winter,Tata 1mg & Netmeds Essential Formulary,https://www.1mg.com/drugs/ramitorva-capsule-149455,91,11.4,6,89,2028-10-09,20,Room Temperature,0
MED0933,Gliptagreat M 500 Tablet (Forte / Max Strength),Antidiabetics,Mankind Pharma Ltd,strip of 10 tablets,Metformin  (500mg) +  Vildagliptin (50mg),134.23,Essential,Stable_All_Season,Tata 1mg & Netmeds Essential Formulary,https://www.1mg.com/drugs/gliptagreat-m-500-tablet-572172,291,13.8,6,123,2027-03-19,10,Room Temperature,0
MED0934,Cephadex 500 Capsule (Forte / Max Strength),Antibiotics,Cipla Ltd,strip of 10 capsules,Cefalexin (500mg),285.87,Essential,High_Monsoon,Tata 1mg & Netmeds Essential Formulary,https://www.1mg.com/drugs/cephadex-500-capsule-50480,43,12.5,3,44,2027-12-14,100,Room Temperature,0
MED0935,Azithral 100 Liquid (Forte / Max Strength),Antibiotics,Alembic Pharmaceuticals Ltd,bottle of 15 ml Oral Suspension,Azithromycin (20mg/ml),90.7,Essential,High_Monsoon,Tata 1mg & Netmeds Essential Formulary,https://www.1mg.com/drugs/azithral-100-liquid-134412,26,11.8,5,86,2029-01-07,50,Room Temperature,1
MED0936,Ferri 100 Injection (Forte / Max Strength),Vitamins & Mineral Supplements,Emcure Pharmaceuticals Ltd,ampoule of 5 ml Injection,Iron Sucrose (100mg/5ml),437.02,Essential,Stable_All_Season,Tata 1mg & Netmeds Essential Formulary,https://www.1mg.com/drugs/ferri-100-injection-259167,102,4.7,6,36,2029-04-07,50,Cold Chain (2-8C),0
MED0937,Lopez 1mg Tablet (Forte / Max Strength),Gastrointestinal,Intas Pharmaceuticals Ltd,strip of 10 tablets,Lorazepam (1mg),27.23,Essential,High_Monsoon,Tata 1mg & Netmeds Essential Formulary,https://www.1mg.com/drugs/lopez-1mg-tablet-17072,48,10.2,7,101,2027-02-17,50,Room Temperature,1
MED0938,DApanorm 10 Tablet (Forte / Max Strength),Antidiabetics,Alkem Laboratories Ltd,strip of 10 tablets,Dapagliflozin (10mg),286.81,Essential,Stable_All_Season,Tata 1mg & Netmeds Essential Formulary,https://www.1mg.com/drugs/dapanorm-10-tablet-630335,132,5.2,8,47,2028-02-12,20,Room Temperature,0
MED0939,Becotrol Capsule (Forte / Max Strength),Vitamins & Mineral Supplements,Pfizer Ltd,strip of 10 capsules,Calcium citrate (500mg) + Folic Acid (1.5mg) + Methylcobalamin (1500mcg) + Pyridoxine Hydrochloride (3mg) + Vitamin D3 (0.25mcg),351.36,Essential,Stable_All_Season,Tata 1mg & Netmeds Essential Formulary,https://www.1mg.com/drugs/becotrol-capsule-125089,51,1.8,5,11,2027-10-15,30,Room Temperature,0
MED0940,Gliptagreat M 1000 Tablet (Forte / Max Strength),Antidiabetics,Mankind Pharma Ltd,strip of 10 tablets,Metformin  (1000mg) +  Vildagliptin (50mg),138.92,Essential,Stable_All_Season,Tata 1mg & Netmeds Essential Formulary,https://www.1mg.com/drugs/gliptagreat-m-1000-tablet-572620,17,5.7,6,41,2028-10-09,20,Room Temperature,1
MED0941,Dologel (Forte / Max Strength),Analgesics & Antipyretics,Dr Reddy's Laboratories Ltd,bottle of 15 gm Dental Gel,Choline Salicylate (8.7% w/w) + Lidocaine (2% w/w),196.62,Desirable,Stable_All_Season,Tata 1mg & Netmeds Essential Formulary,https://www.1mg.com/drugs/dologel-115022,206,21.7,4,108,2027-11-14,10,Room Temperature,0
MED0942,Tramadol 50mg Capsule (Forte / Max Strength),Analgesics & Antipyretics,Aequitas Healthcare Pvt Ltd,strip of 10 capsules,Tramadol (50mg),62.39,Essential,Stable_All_Season,Tata 1mg & Netmeds Essential Formulary,https://www.1mg.com/drugs/tramadol-50mg-capsule-515000,44,12.1,3,61,2027-08-16,10,Room Temperature,0
MED0943,Ibupar 400 mg/325 mg Tablet (Forte / Max Strength),Analgesics & Antipyretics,Troikaa Pharmaceuticals Ltd.,strip of 10 tablets,Ibuprofen (400mg) + Paracetamol (325mg),7.48,Essential,Stable_All_Season,Tata 1mg & Netmeds Essential Formulary,https://www.1mg.com/drugs/ibupar-400-mg-325-mg-tablet-299868,1,9.4,3,40,2028-12-08,10,Room Temperature,1
MED0944,Tenepride M  500 Tablet PR (Forte / Max Strength),Antidiabetics,Micro Labs Ltd,strip of 15 Tablet pr,Metformin (500mg) + Teneligliptin (20mg),349.31,Essential,Stable_All_Season,Tata 1mg & Netmeds Essential Formulary,https://www.1mg.com/drugs/tenepride-m-500-tablet-pr-356690,677,26.4,4,177,2027-10-15,10,Room Temperature,0
MED0945,Dapanorm Trio Tablet ER (Forte / Max Strength),Antidiabetics,Alkem Laboratories Ltd,strip of 10 tablet er,Dapagliflozin (10mg) + Metformin (500mg) + Sitagliptin (100mg),355.11,Essential,Stable_All_Season,Tata 1mg & Netmeds Essential Formulary,https://www.1mg.com/drugs/dapanorm-trio-tablet-er-799749,76,4.4,5,25,2027-02-17,30,Room Temperature,0
MED0946,Lopez MD 2 Tablet (Forte / Max Strength),Gastrointestinal,Intas Pharmaceuticals Ltd,strip of 10 tablet md,Lorazepam (2mg),42.77,Essential,High_Monsoon,Tata 1mg & Netmeds Essential Formulary,https://www.1mg.com/drugs/lopez-md-2-tablet-346647,4,7.8,5,64,2027-11-14,30,Room Temperature,1
MED0947,MEtrogyl Suspension (Forte / Max Strength),Antibiotics,J B Chemicals and Pharmaceuticals Ltd,bottle of 60 ml Oral Suspension,Metronidazole (200mg/5ml),47.85,Desirable,High_Monsoon,Tata 1mg & Netmeds Essential Formulary,https://www.1mg.com/drugs/metrogyl-suspension-294146,143,6.8,8,63,2028-11-08,50,Room Temperature,0
MED0948,Tenectase 20mg Injection (Forte / Max Strength),Antidiabetics,Gennova Biopharmaceuticals Ltd,vial of 1 Injection,Tenecteplase (20mg),60172.1,Essential,Stable_All_Season,Tata 1mg & Netmeds Essential Formulary,https://www.1mg.com/drugs/tenectase-20mg-injection-393558,168,16.2,5,116,2027-05-18,30,Room Temperature,0
MED0949,Pioglit 15 Tablet (Forte / Max Strength),Antidiabetics,Sun Pharmaceutical Industries Ltd,strip of 10 tablets,Pioglitazone (15mg),108.07,Essential,Stable_All_Season,Tata 1mg & Netmeds Essential Formulary,https://www.1mg.com/drugs/pioglit-15-tablet-27733,203,21.1,5,163,2028-08-10,10,Room Temperature,0
MED0950,Tramadol Hydrochloride 50mg Injection (Forte / Max Strength),Analgesics & Antipyretics,Ciron Drugs & Pharmaceuticals Pvt Ltd,vial of 1 ml Injection,Tramadol (50mg),12.24,Essential,Stable_All_Season,Tata 1mg & Netmeds Essential Formulary,https://www.1mg.com/drugs/tramadol-hydrochloride-50mg-injection-447545,36,10.2,3,43,2027-12-14,10,Room Temperature,0
MED0951,Acebro 200mg Capsule SR (Forte / Max Strength),Respiratory & Antiasthmatics,Yash Remedies,strip of 10 capsule sr,Acebrophylline (200mg),307.23,Essential,High_Winter,Tata 1mg & Netmeds Essential Formulary,https://www.1mg.com/drugs/acebro-200mg-capsule-sr-834294,525,10.2,6,106,2028-04-12,10,Room Temperature,0
MED0952,Atorva 40 Tablet (Forte / Max Strength),Cardiovascular & Antihypertensives,Zydus Cadila,strip of 10 tablets,Atorvastatin (40mg),300.88,Essential,High_Winter,Tata 1mg & Netmeds Essential Formulary,https://www.1mg.com/drugs/atorva-40-tablet-46666,468,11.9,12,163,2028-11-08,30,Room Temperature,0
MED0953,Augmentin 1.2gm Injection (Forte / Max Strength),Antibiotics,Glaxo SmithKline Pharmaceuticals Ltd,vial of 1 Powder for Injection,Amoxycillin  (1000mg) +  Clavulanic Acid (200mg),219.25,Essential,High_Monsoon,Tata 1mg & Netmeds Essential Formulary,https://www.1mg.com/drugs/augmentin-1.2gm-injection-324901,135,16.7,8,161,2027-06-17,10,Room Temperature,1
MED0954,Mefen 500mg/2mg Tablet MR (Forte / Max Strength),Analgesics & Antipyretics,Oyster Labs Ltd,strip of 10 tablet mr,Mefenamic Acid (500mg) + Tizanidine (2mg),43.5,Essential,Stable_All_Season,Tata 1mg & Netmeds Essential Formulary,https://www.1mg.com/drugs/mefen-500mg-2mg-tablet-mr-457510,156,20.8,4,107,2029-01-07,10,Room Temperature,0
MED0955,Doxy Tablet (Forte / Max Strength),Antibiotics,A N Pharmacia,strip of 10 tablets,Doxycycline (NA),94.48,Essential,High_Monsoon,Tata 1mg & Netmeds Essential Formulary,https://www.1mg.com/drugs/doxy-tablet-150807,299,16.8,7,188,2029-04-07,10,Room Temperature,0
MED0956,Limcas 250mg Tablet (Forte / Max Strength),Vitamins & Mineral Supplements,Jantec Pharma,strip of 10 tablets,Levofloxacin (250mg),65.25,Essential,Stable_All_Season,Tata 1mg & Netmeds Essential Formulary,https://www.1mg.com/drugs/limcas-250mg-tablet-408457,4,1.5,5,12,2029-05-07,10,Room Temperature,1
MED0957,Losakind-H Tablet (Forte / Max Strength),Cardiovascular & Antihypertensives,Mankind Pharma Ltd,strip of 10 tablets,Losartan (50mg) + Hydrochlorothiazide (12.5mg),152.93,Essential,High_Winter,Tata 1mg & Netmeds Essential Formulary,https://www.1mg.com/drugs/losakind-h-tablet-115466,48,9.6,4,50,2027-03-19,10,Room Temperature,0
MED0958,Deriphyllin Tablet (Forte / Max Strength),Respiratory & Antiasthmatics,Zydus Cadila,strip of 30 tablets,Etofylline (77mg) + Theophylline (23mg),37.16,Essential,High_Winter,Tata 1mg & Netmeds Essential Formulary,https://www.1mg.com/drugs/deriphyllin-tablet-496484,85,2.9,14,48,2028-07-11,20,Room Temperature,0
MED0959,Doxy-1 L-Dr Forte Capsule (Forte / Max Strength),Antibiotics,USV Private Limited,strip of 10 capsules,Doxycycline (100mg) + Lactobacillus (5Billion Spores),164.14,Essential,High_Monsoon,Tata 1mg & Netmeds Essential Formulary,https://www.1mg.com/drugs/doxy-1-l-dr-forte-capsule-190127,263,24.9,5,192,2028-09-09,10,Room Temperature,0
MED0960,KETO Soap (Forte / Max Strength),Dermatological & Topicals,Med Manor Organics Pvt Ltd,packet of 50 gm Soap,Ketoconazole (2% w/w),193.53,Essential,Stable_All_Season,Tata 1mg & Netmeds Essential Formulary,https://www.1mg.com/drugs/keto-soap-71498,59,3.0,6,30,2029-04-07,50,Room Temperature,0
MED0961,Diltigesic Organogel (Forte / Max Strength),Cardiovascular & Antihypertensives,Troikaa Pharmaceuticals Ltd.,tube of 30 gm Rectal Gel,Diltiazem (2% w/w),339.84,Desirable,High_Winter,Tata 1mg & Netmeds Essential Formulary,https://www.1mg.com/drugs/diltigesic-organogel-304557,276,26.9,5,197,2027-11-14,50,Room Temperature,0
MED0962,Lopex 2mg Capsule (Forte / Max Strength),Gastrointestinal,Uni-Pex Pharmaceuticals Pvt Ltd,strip of 10 capsules,Loperamide (2mg),46.23,Essential,High_Monsoon,Tata 1mg & Netmeds Essential Formulary,https://www.1mg.com/drugs/lopex-2mg-capsule-561092,16,11.1,6,76,2029-01-07,20,Room Temperature,1
MED0963,Gliptagreat 50 Tablet (Forte / Max Strength),Antidiabetics,Mankind Pharma Ltd,strip of 15 tablets,Vildagliptin (50mg),148.71,Essential,Stable_All_Season,Tata 1mg & Netmeds Essential Formulary,https://www.1mg.com/drugs/gliptagreat-50-tablet-747834,168,15.6,4,100,2027-07-17,10,Room Temperature,0
MED0964,Insugen 30/70 100IU Refil Cartridge (Forte / Max Strength),Antidiabetics,Biocon,cartridge of 3 ml Suspension for Injection,Insulin Isophane (70%) + Human insulin (30%),498.97,Essential,Stable_All_Season,Tata 1mg & Netmeds Essential Formulary,https://www.1mg.com/drugs/insugen-30-70-100iu-refil-cartridge-192974,394,16.3,5,103,2029-03-08,20,Room Temperature,0
MED0965,Augmentin 625 Duo Tablet (Forte / Max Strength),Antibiotics,Glaxo SmithKline Pharmaceuticals Ltd,strip of 10 tablets,Amoxycillin  (500mg) +  Clavulanic Acid (125mg),285.14,Vital,High_Monsoon,Tata 1mg & Netmeds Essential Formulary,https://www.1mg.com/drugs/augmentin-625-duo-tablet-138629,56,20.6,3,110,2029-02-06,10,Room Temperature,1
MED0966,Folitrax 15 Tablet (Forte / Max Strength),Vitamins & Mineral Supplements,Ipca Laboratories Ltd,strip of 10 tablets,Methotrexate (15mg),822.08,Essential,Stable_All_Season,Tata 1mg & Netmeds Essential Formulary,https://www.1mg.com/drugs/folitrax-15-tablet-18234,19,3.4,7,27,2027-08-16,20,Room Temperature,1
MED0967,Ambrolite-S Expectorant (Forte / Max Strength),Respiratory & Antiasthmatics,Tablets India Limited,bottle of 100 ml Expectorant,Ambroxol (30mg) + Guaifenesin (50mg) + Menthol (0.5mg) + Terbutaline (1.25mg),189.63,Essential,High_Winter,Tata 1mg & Netmeds Essential Formulary,https://www.1mg.com/drugs/ambrolite-s-expectorant-63241,60,3.2,5,23,2028-04-12,20,Room Temperature,0
MED0968,Calaptin 80 Tablet (Forte / Max Strength),Dermatological & Topicals,Abbott,strip of 30 tablets,Verapamil (80mg),73.86,Essential,Stable_All_Season,Tata 1mg & Netmeds Essential Formulary,https://www.1mg.com/drugs/calaptin-80-tablet-554266,141,9.9,7,79,2028-09-09,50,Room Temperature,0
MED0969,GlimiSAVe MV 2 Tablet SR (Forte / Max Strength),Antidiabetics,Eris Lifesciences Ltd,strip of 15 tablet sr,Glimepiride (2mg) + Metformin (500mg) + Voglibose (0.2mg),489.74,Essential,Stable_All_Season,Tata 1mg & Netmeds Essential Formulary,https://www.1mg.com/drugs/glimisave-mv-2-tablet-sr-221756,258,18.5,5,161,2029-03-08,20,Room Temperature,0
MED0970,Povidot Gargle (Forte / Max Strength),Dermatological & Topicals,Leeford Healthcare Ltd,bottle of 100 ml Gargle,Povidone Iodine (2% w/v),169.93,Essential,Stable_All_Season,Tata 1mg & Netmeds Essential Formulary,https://www.1mg.com/drugs/povidot-gargle-741758,285,7.4,12,154,2028-12-08,100,Room Temperature,0
MED0971,Enalros 5mg Tablet (Forte / Max Strength),Cardiovascular & Antihypertensives,Roussel Laboratories Pvt Ltd,strip of 10 tablets,Enalapril (5mg),44.3,Essential,High_Winter,Tata 1mg & Netmeds Essential Formulary,https://www.1mg.com/drugs/enalros-5mg-tablet-564353,91,14.4,5,128,2028-09-09,30,Room Temperature,0
MED0972,Vogli 0.3 Tablet MD (Forte / Max Strength),Antidiabetics,Medley Pharmaceuticals,strip of 10 tablet md,Voglibose (0.3mg),286.38,Essential,Stable_All_Season,Tata 1mg & Netmeds Essential Formulary,https://www.1mg.com/drugs/vogli-0.3-tablet-md-67175,239,15.9,7,200,2027-06-17,30,Room Temperature,0
MED0973,FORAcort 200 Rotacap (Forte / Max Strength),Respiratory & Antiasthmatics,Cipla Ltd,packet of 30 rotacaps,Formoterol (6mcg) + Budesonide (200mcg),265.79,Essential,High_Winter,Tata 1mg & Netmeds Essential Formulary,https://www.1mg.com/drugs/foracort-200-rotacap-239107,111,3.7,8,33,2027-11-14,20,Room Temperature,0
MED0974,Insugen 50/50 Suspension for Injection 100IU/ml (Forte / Max Strength),Antidiabetics,Biocon,cartridge of 3 ml Suspension for Injection,Insulin Isophane (50%) + Human insulin (50%),453.62,Desirable,Stable_All_Season,Tata 1mg & Netmeds Essential Formulary,https://www.1mg.com/drugs/insugen-50-50-suspension-for-injection-100iu-ml-133978,154,8.7,6,83,2028-03-13,20,Cold Chain (2-8C),0
MED0975,Acebel-P 100mg/500mg Tablet (Forte / Max Strength),Respiratory & Antiasthmatics,Blubell Pharma,strip of 10 tablets,Aceclofenac (100mg) + Paracetamol (500mg),47.57,Essential,High_Winter,Tata 1mg & Netmeds Essential Formulary,https://www.1mg.com/drugs/acebel-p-100mg-500mg-tablet-355255,48,6.3,7,52,2029-02-06,20,Room Temperature,1
MED0976,Losar-A Tablet (Forte / Max Strength),Cardiovascular & Antihypertensives,Torrent Pharmaceuticals Ltd,strip of 15 tablets,Losartan (50mg) + Amlodipine (5mg),495.42,Essential,High_Winter,Tata 1mg & Netmeds Essential Formulary,https://www.1mg.com/drugs/losar-a-tablet-329369,219,13.6,5,112,2027-01-18,100,Room Temperature,0
MED0977,FORAcort 0.5mg Respules (2ml Each) (Forte / Max Strength),Respiratory & Antiasthmatics,Cipla Ltd,packet of 5 respules,Formoterol (20mcg/2ml) + Budesonide (0.5mg/2ml),658.88,Vital,High_Winter,Tata 1mg & Netmeds Essential Formulary,https://www.1mg.com/drugs/foracort-0.5mg-respules-2ml-each-336671,113,3.0,3,10,2027-02-17,30,Room Temperature,0
MED0978,Becotab Tablet (Forte / Max Strength),Vitamins & Mineral Supplements,Intas Pharmaceuticals Ltd,strip of 10 tablets,Loratadine (NA),15.3,Essential,Stable_All_Season,Tata 1mg & Netmeds Essential Formulary,https://www.1mg.com/drugs/becotab-tablet-167170,13,5.0,6,39,2028-06-11,10,Room Temperature,1
MED0979,Gliptagreat D 10mg/100mg Tablet (Forte / Max Strength),Antidiabetics,Mankind Pharma Ltd,strip of 10 tablets,Dapagliflozin (10mg) + Vildagliptin (100mg),307.57,Essential,Stable_All_Season,Tata 1mg & Netmeds Essential Formulary,https://www.1mg.com/drugs/gliptagreat-d-10mg-100mg-tablet-751182,103,19.6,5,108,2027-09-15,10,Room Temperature,0
MED0980,Glicazide XR 60 Tablet (Forte / Max Strength),Antidiabetics,Zeelab Pharmacy Pvt Ltd,strip of 10 tablet mr,Gliclazide (60mg),29.0,Essential,Stable_All_Season,Tata 1mg & Netmeds Essential Formulary,https://www.1mg.com/drugs/glicazide-xr-60-tablet-794370,181,12.3,5,77,2028-03-13,20,Room Temperature,0
MED0981,Ketorol-DT Tablet (Forte / Max Strength),Dermatological & Topicals,Dr Reddy's Laboratories Ltd,strip of 15 tablet dt,Ketorolac (10mg),265.03,Essential,Stable_All_Season,Tata 1mg & Netmeds Essential Formulary,https://www.1mg.com/drugs/ketorol-dt-tablet-338732,57,7.7,7,69,2028-12-08,10,Room Temperature,1
MED0982,Losar 50 Tablet (Forte / Max Strength),Cardiovascular & Antihypertensives,Torrent Pharmaceuticals Ltd,strip of 15 tablets,Losartan (50mg),258.55,Essential,High_Winter,Tata 1mg & Netmeds Essential Formulary,https://www.1mg.com/drugs/losar-50-tablet-74731,7,9.8,3,44,2028-07-11,20,Room Temperature,1
MED0983,Pioglit 7.5 Tablet (Forte / Max Strength),Antidiabetics,Sun Pharmaceutical Industries Ltd,strip of 10 tablets,Pioglitazone (7.5mg),122.35,Essential,Stable_All_Season,Tata 1mg & Netmeds Essential Formulary,https://www.1mg.com/drugs/pioglit-7.5-tablet-67844,102,8.3,4,50,2028-02-12,100,Room Temperature,0
MED0984,Clot-XL 500 Tablet (Forte / Max Strength),Dermatological & Topicals,Shrinivas Gujarat Laboratories Pvt Ltd,strip of 10 tablets,Tranexamic Acid (500mg),282.17,Essential,Stable_All_Season,Tata 1mg & Netmeds Essential Formulary,https://www.1mg.com/drugs/clot-xl-500-tablet-225448,71,3.4,6,27,2028-08-10,10,Room Temperature,0
MED0985,Deriphyllin Retard 150  Tablet PR (Forte / Max Strength),Respiratory & Antiasthmatics,Zydus Cadila,strip of 30 Tablet pr,Etofylline (115mg) + Theophylline (35mg),60.68,Essential,High_Winter,Tata 1mg & Netmeds Essential Formulary,https://www.1mg.com/drugs/deriphyllin-retard-150-tablet-pr-323692,229,10.3,6,98,2027-04-18,20,Room Temperature,0
MED0986,Zincogut Syrup (Forte / Max Strength),Vitamins & Mineral Supplements,Centaur Pharmaceuticals Pvt Ltd,bottle of 100 ml Syrup,Zinc (20mg),212.99,Desirable,Stable_All_Season,Tata 1mg & Netmeds Essential Formulary,https://www.1mg.com/drugs/zincogut-syrup-329979,71,2.3,8,29,2027-03-19,10,Room Temperature,0
MED0987,Clopilet Tablet (Forte / Max Strength),Cardiovascular & Antihypertensives,Sun Pharmaceutical Industries Ltd,strip of 15 tablets,Clopidogrel (75mg),155.73,Essential,High_Winter,Tata 1mg & Netmeds Essential Formulary,https://www.1mg.com/drugs/clopilet-tablet-328244,13,9.4,5,68,2027-11-14,20,Room Temperature,1
MED0988,ASTHAlin Syrup (Forte / Max Strength),Respiratory & Antiasthmatics,Cipla Ltd,bottle of 100 ml Syrup,Salbutamol (2mg/5ml),27.4,Desirable,High_Winter,Tata 1mg & Netmeds Essential Formulary,https://www.1mg.com/drugs/asthalin-syrup-69589,9,4.6,7,44,2027-06-17,30,Room Temperature,1
MED0989,Hydrox 25mg Tablet (Forte / Max Strength),Dermatological & Topicals,Monichem Healthcare Pvt Ltd,strip of 10 tablets,Hydroxyzine (25mg),40.79,Essential,Stable_All_Season,Tata 1mg & Netmeds Essential Formulary,https://www.1mg.com/drugs/hydrox-25mg-tablet-290639,39,2.5,6,18,2028-04-12,10,Room Temperature,0
MED0990,Azithral 500 Tablet (Forte / Max Strength),Antibiotics,Alembic Pharmaceuticals Ltd,strip of 5 tablets,Azithromycin (500mg),183.76,Essential,High_Monsoon,Tata 1mg & Netmeds Essential Formulary,https://www.1mg.com/drugs/azithral-500-tablet-325616,123,15.6,3,75,2028-06-11,50,Room Temperature,0
MED0991,Acebrofon 100 Capsule (Forte / Max Strength),Respiratory & Antiasthmatics,Knoll Pharmaceuticals Ltd,strip of 10 capsules,Acebrophylline (100mg),137.3,Essential,High_Winter,Tata 1mg & Netmeds Essential Formulary,https://www.1mg.com/drugs/acebrofon-100-capsule-541968,126,5.2,7,42,2029-04-07,10,Room Temperature,0
MED0992,Povidone Iodine Solution (Forte / Max Strength),Dermatological & Topicals,Wockhardt Ltd,bottle of 500 ml Solution,Povidone Iodine (0.50% w/v),382.22,Essential,Stable_All_Season,Tata 1mg & Netmeds Essential Formulary,https://www.1mg.com/drugs/povidone-iodine-solution-115993,45,3.1,5,17,2029-05-07,20,Room Temperature,0
MED0993,Clotrin Mouth Paint (Forte / Max Strength),Dermatological & Topicals,NuLife Pharmaceuticals,bottle of 15 ml Mouth Paint,Clotrimazole (1% w/v),319.0,Essential,Stable_All_Season,Tata 1mg & Netmeds Essential Formulary,https://www.1mg.com/drugs/clotrin-mouth-paint-302259,10,6.9,7,74,2029-01-07,100,Room Temperature,1
MED0994,DiCLOWiN Plus Tablet (Forte / Max Strength),Analgesics & Antipyretics,Wings Pharmaceuticals Pvt Ltd,strip of 10 tablets,Diclofenac (50mg) + Paracetamol (325mg),39.43,Essential,Stable_All_Season,Tata 1mg & Netmeds Essential Formulary,https://www.1mg.com/drugs/diclowin-plus-tablet-117305,32,7.4,7,88,2027-06-17,20,Room Temperature,1
MED0995,Gliclazide 80mg Tablet (Forte / Max Strength),Antidiabetics,Redmax Pharma,strip of 10 tablets,Gliclazide (80mg),101.95,Essential,Stable_All_Season,Tata 1mg & Netmeds Essential Formulary,https://www.1mg.com/drugs/gliclazide-80mg-tablet-820964,417,7.1,7,62,2028-11-08,30,Room Temperature,0
MED0996,Fusibact Cream (Forte / Max Strength),Dermatological & Topicals,Cipla Ltd,tube of 10 gm Cream,Fusidic Acid (2% w/w),66.61,Desirable,Stable_All_Season,Tata 1mg & Netmeds Essential Formulary,https://www.1mg.com/drugs/fusibact-cream-319092,55,2.6,5,17,2028-04-12,10,Room Temperature,0
MED0997,Fusiwal Cream (Forte / Max Strength),Dermatological & Topicals,Wallace Pharmaceuticals Pvt Ltd,tube of 5 gm Cream,Fusidic Acid (2% w/w),74.82,Desirable,Stable_All_Season,Tata 1mg & Netmeds Essential Formulary,https://www.1mg.com/drugs/fusiwal-cream-161218,73,4.6,4,21,2026-12-19,10,Room Temperature,0
MED0998,Vildamac 50 Tablet (Forte / Max Strength),Antidiabetics,Macleods Pharmaceuticals Pvt Ltd,strip of 15 tablets,Vildagliptin (50mg),214.9,Essential,Stable_All_Season,Tata 1mg & Netmeds Essential Formulary,https://www.1mg.com/drugs/vildamac-50-tablet-567175,95,13.3,6,130,2028-06-11,50,Room Temperature,0
MED0999,Dextomid 50mcg Injection (Forte / Max Strength),Respiratory & Antiasthmatics,Neon Laboratories Ltd,vial of 1 ml Injection,Dexmedetomidine (50mcg),288.11,Essential,High_Winter,Tata 1mg & Netmeds Essential Formulary,https://www.1mg.com/drugs/dextomid-50mcg-injection-254239,66,4.9,4,33,2028-07-11,10,Cold Chain (2-8C),0
MED1000,Cephalkem 500mg Capsule (Forte / Max Strength),Antibiotics,Alkem Laboratories Ltd,strip of 10 capsules,Cefalexin (500mg),270.5,Essential,High_Monsoon,Tata 1mg & Netmeds Essential Formulary,https://www.1mg.com/drugs/cephalkem-500mg-capsule-267224,146,11.3,7,121,2028-05-12,20,Room Temperature,0
MED1001,Gliclaz M 80 mg/500 mg Tablet (Forte / Max Strength),Antidiabetics,Khandelwal Laboratories Pvt Ltd,strip of 15 tablets,Gliclazide (80mg) + Metformin (500mg),186.73,Essential,Stable_All_Season,Tata 1mg & Netmeds Essential Formulary,https://www.1mg.com/drugs/gliclaz-m-80-mg-500-mg-tablet-162482,305,10.1,5,67,2028-10-09,20,Room Temperature,0
MED1002,Atorva Tablet (Forte / Max Strength),Cardiovascular & Antihypertensives,Zydus Cadila,strip of 15 tablets,Atorvastatin (10mg),116.2,Essential,High_Winter,Tata 1mg & Netmeds Essential Formulary,https://www.1mg.com/drugs/atorva-tablet-506170,744,18.1,6,192,2028-11-08,30,Room Temperature,0
MED1003,Nebistar 5 Tablet (Forte / Max Strength),Cardiovascular & Antihypertensives,Lupin Ltd,strip of 15 tablets,Nebivolol (5mg),442.25,Essential,High_Winter,Tata 1mg & Netmeds Essential Formulary,https://www.1mg.com/drugs/nebistar-5-tablet-338302,643,16.6,6,135,2028-03-13,20,Room Temperature,0
MED1004,RAMIstar 2.5 Tablet (Forte / Max Strength),Cardiovascular & Antihypertensives,Lupin Ltd,strip of 15 tablets,Ramipril (2.5mg),121.66,Essential,High_Winter,Tata 1mg & Netmeds Essential Formulary,https://www.1mg.com/drugs/ramistar-2.5-tablet-410123,205,11.4,8,155,2028-05-12,20,Room Temperature,0
MED1005,Dicyclo 20mg/50mg Tablet (Forte / Max Strength),Gastrointestinal,Sedate Healthcare Pvt Ltd,strip of 10 tablets,Dicyclomine (20mg) + Diclofenac (50mg),20.39,Essential,High_Monsoon,Tata 1mg & Netmeds Essential Formulary,https://www.1mg.com/drugs/dicyclo-20mg-50mg-tablet-471401,65,17.0,14,390,2029-01-07,30,Room Temperature,1
MED1006,BUDEcort 0.5mg Respules (2ml Each) (Forte / Max Strength),Respiratory & Antiasthmatics,Cipla Ltd,packet of 5 respules,Budesonide (0.5mg),185.46,Vital,High_Winter,Tata 1mg & Netmeds Essential Formulary,https://www.1mg.com/drugs/budecort-0.5mg-respules-2ml-each-351796,161,12.2,4,62,2028-02-12,10,Room Temperature,0
MED1007,Oflox OZ Tablet (Forte / Max Strength),Antibiotics,Cipla Ltd,strip of 10 tablets,Ofloxacin (200mg) + Ornidazole (500mg),299.27,Essential,High_Monsoon,Tata 1mg & Netmeds Essential Formulary,https://www.1mg.com/drugs/oflox-oz-tablet-65786,416,18.8,14,346,2028-09-09,10,Room Temperature,0
MED1008,Tramazac-P Tablet DT (Forte / Max Strength),Analgesics & Antipyretics,Zydus Cadila,strip of 10 tablet dt,Tramadol (37.5mg) + Paracetamol (325mg),216.67,Essential,Stable_All_Season,Tata 1mg & Netmeds Essential Formulary,https://www.1mg.com/drugs/tramazac-p-tablet-dt-130954,12,4.5,5,36,2028-02-12,30,Room Temperature,1
MED1009,GlimiSAVe MV 3.3 Tablet SR (Forte / Max Strength),Antidiabetics,Eris Lifesciences Ltd,strip of 10 tablet sr,Glimepiride (3mg) + Metformin (500mg) + Voglibose (0.3mg),239.55,Essential,Stable_All_Season,Tata 1mg & Netmeds Essential Formulary,https://www.1mg.com/drugs/glimisave-mv-3.3-tablet-sr-318417,284,10.0,5,61,2028-01-13,30,Room Temperature,0
MED1010,Vildamac M 50/500 Tablet (Forte / Max Strength),Antidiabetics,Macleods Pharmaceuticals Pvt Ltd,strip of 15 tablets,Metformin  (500mg) +  Vildagliptin (50mg),271.38,Essential,Stable_All_Season,Tata 1mg & Netmeds Essential Formulary,https://www.1mg.com/drugs/vildamac-m-50-500-tablet-567107,185,14.2,7,140,2028-11-08,50,Room Temperature,0
MED1011,Cremagel (Forte / Max Strength),Gastrointestinal,Abbott,tube of 30 gm Rectal Gel,Diltiazem (2% w/w),417.83,Desirable,High_Monsoon,Tata 1mg & Netmeds Essential Formulary,https://www.1mg.com/drugs/cremagel-147053,624,25.1,7,278,2028-09-09,30,Room Temperature,0
MED1012,Gelupin Mps Gelupin-MPS-NS Tablet (Forte / Max Strength),Gastrointestinal,Lupin Ltd,strip of 9 tablets,Magaldrate (400mg/5ml) + Simethicone (20mg/5ml),1.49,Desirable,High_Monsoon,Tata 1mg & Netmeds Essential Formulary,https://www.1mg.com/drugs/gelupin-mps-gelupin-mps-ns-tablet-734664,88,23.3,4,104,2028-07-11,10,Room Temperature,1
MED1013,BUDEcort 200 Inhaler (Forte / Max Strength),Respiratory & Antiasthmatics,Cipla Ltd,packet of 200 MDI Inhaler,Budesonide (200mcg),630.31,Vital,High_Winter,Tata 1mg & Netmeds Essential Formulary,https://www.1mg.com/drugs/budecort-200-inhaler-145190,22,1.9,2,6,2028-02-12,30,Room Temperature,0
MED1014,Lopez MD 1 Tablet (Forte / Max Strength),Gastrointestinal,Intas Pharmaceuticals Ltd,strip of 10 tablet md,Lorazepam (1mg),35.16,Essential,High_Monsoon,Tata 1mg & Netmeds Essential Formulary,https://www.1mg.com/drugs/lopez-md-1-tablet-346645,25,6.8,4,44,2029-01-07,10,Room Temperature,1
MED1015,Ciprobid 500 Tablet (Forte / Max Strength),Antibiotics,Zydus Cadila,strip of 10 tablets,Ciprofloxacin (500mg),65.77,Essential,High_Monsoon,Tata 1mg & Netmeds Essential Formulary,https://www.1mg.com/drugs/ciprobid-500-tablet-180018,75,10.9,6,115,2028-07-11,10,Room Temperature,0
MED1016,Ambrodil Syrup (Forte / Max Strength),Respiratory & Antiasthmatics,Aristo Pharmaceuticals Pvt Ltd,bottle of 100 ml Syrup,Ambroxol (30mg/5ml),133.83,Desirable,High_Winter,Tata 1mg & Netmeds Essential Formulary,https://www.1mg.com/drugs/ambrodil-syrup-141454,12,5.7,10,89,2027-05-18,30,Room Temperature,1
MED1017,Permed Soap (Forte / Max Strength),Dermatological & Topicals,Med Manor Organics Pvt Ltd,packet of 75 gm Soap,Permethrin (1% w/w),180.64,Essential,Stable_All_Season,Tata 1mg & Netmeds Essential Formulary,https://www.1mg.com/drugs/permed-soap-166086,275,9.7,5,60,2028-11-08,30,Room Temperature,0
MED1018,Dapavel 10 Tablet (Forte / Max Strength),Antidiabetics,Intas Pharmaceuticals Ltd,strip of 10 tablets,Dapagliflozin (10mg),212.06,Essential,Stable_All_Season,Tata 1mg & Netmeds Essential Formulary,https://www.1mg.com/drugs/dapavel-10-tablet-630587,10,10.1,6,85,2027-05-18,10,Room Temperature,1
MED1019,Hydrogen Peroxide Solution (Forte / Max Strength),Dermatological & Topicals,Comed Chemicals Ltd,bottle of 100 ml Solution,Hydrogen Peroxide (NA),43.5,Essential,Stable_All_Season,Tata 1mg & Netmeds Essential Formulary,https://www.1mg.com/drugs/hydrogen-peroxide-solution-153807,280,8.3,6,68,2028-12-08,30,Room Temperature,0
MED1020,Ciprolar-FC Cream (Forte / Max Strength),Antibiotics,Lark Laboratories Ltd,tube of 20 gm Cream,Fluocinolone acetonide (0.025% w/w) + Ciprofloxacin (0.5% w/w) + Clotrimazole (1% w/w),45.96,Desirable,High_Monsoon,Tata 1mg & Netmeds Essential Formulary,https://www.1mg.com/drugs/ciprolar-fc-cream-270023,755,29.8,4,155,2027-01-18,100,Room Temperature,0
